0.00602739726027397	0.00602739726027397
0.000489938769119274	0.000228509175540654
0.000369258454463016	0.000236720292439284
0.000360959001759342	0.000160670421098654
0.000210959726555287	8.36789011471611e-05
9.8723958547733e-05	4.92000532272772e-05
9.79223047677148e-05	4.90750375459328e-05
9.48456442961685e-05	4.74287697652079e-05
7.95038571567191e-05	3.90082202275015e-05
0.000131838742552993	6.58941045173689e-05
0.00017652746022331	8.8957582770828e-05
0.000193952489675595	9.78633372692215e-05
0.000573282011779937	0.00022939078487031
0.00037892405777607	0.000175663651722155
0.000438052137422142	0.000189442031031181
0.000231400237021063	0.000118362832081644
0.000192720097129481	8.42019607200346e-05
0.000104652456129346	5.23074085295955e-05
0.000115818718602377	7.25932917791346e-05
0.000108696725767479	5.46886582715655e-05
0.000244824307386742	0.000130098901970703
0.000309457029316885	0.000211640357236266
0.000394354942468263	0.000168837356250251
0.00019002770271928	9.58062043462023e-05
0.000183360711473486	9.2398834930377e-05
0.000336257063063802	0.000162084995515798
0.000630440076874821	0.000421364872243183
0.000295378385940538	0.000201902653379719
0.000126824607588967	6.35480814719432e-05
9.65349760273266e-05	4.80527226687622e-05
8.06607880368075e-05	4.00276077711115e-05
9.63758065109466e-05	4.82307870733106e-05
0.000184880359721777	0.000112877424898627
0.00024323664786807	0.000112851696972325
0.000442785754973787	0.000228634929440602
0.000189098195360003	9.53190135222827e-05
0.00025330476796761	0.000101924699191515
0.000207765925721217	9.11069370500526e-05
0.000278437162091025	0.00013217206761196
0.000582803485154682	0.000401190511621113
0.000154651573628803	9.47694877227251e-05
0.000109320471079032	7.97718952387785e-05
9.09517512172037e-05	4.54215003323136e-05
0.000106897351962184	5.37455367373543e-05
7.96945483232217e-05	3.91081688568431e-05
0.000123681799672189	6.16187346850553e-05
0.000178956268019131	9.02306150490331e-05
0.000309176801306333	0.000126357800642213
0.000448746189758967	0.000209323189829437
0.000495541917296847	0.000326828886594232
0.000320181477468544	0.000439127367513994
0.000159973475278005	0.000105250112082422
0.000248442133631862	0.000100359886474819
0.000105953842610727	5.29895156111313e-05
0.000264154225876288	0.000110570900615031
0.000106291817748262	5.34860680327873e-05
9.10843206492209e-05	4.5123331963272e-05
0.000128785375917181	6.42937167504688e-05
0.000170770373553731	8.59400705694047e-05
0.000321994997158766	0.000130548927550522
0.000336162659857524	0.000143106598293117
0.000488320782271368	0.000297764738355894
0.000276165873751796	0.000303416461647357
0.000281155118741984	0.000476422102621167
0.000226090939063285	0.000263429843362252
0.000134647890985529	5.84781875176936e-05
0.000133016271364639	7.76026395023375e-05
0.000112511492268718	5.66881252109623e-05
8.42371596430826e-05	4.14891274685021e-05
0.000132457030618276	6.62181732500569e-05
0.00017501350839622	8.81640619550392e-05
0.000193243266946437	9.74916061556236e-05
0.000289690272033402	0.000141196490180264
0.000639354780902012	0.000392013250517946
0.000285883962436973	0.000244653046689537
0.000287831222875062	0.000123340508589038
0.000142247103185162	7.16316090109356e-05
0.000114186427339161	5.73045322667882e-05
0.000128254657087458	5.76428039651727e-05
0.00011274129961394	5.91023874825464e-05
0.000129218483417644	5.25815972663033e-05
0.000177735673674225	0.0001044718029183
0.00017550199381678	8.84200960919831e-05
0.000189973841101397	9.57779733852185e-05
0.000380348102612854	0.000148247760992946
0.000230548544792227	0.000132165421625461
0.000511170053828885	0.000334954526555014
0.000292177899583347	0.000219043784232178
0.000142085447091227	7.67196982735121e-05
0.000154607001659911	8.28333542758462e-05
0.000100648433226833	5.05897291587788e-05
0.000102335226006204	5.13543497487444e-05
8.76138822608308e-05	4.32589986350622e-05
0.000123867393289582	6.17160114913867e-05
0.000320947593237026	0.000139870342497537
0.000192648241256967	9.71797301354795e-05
0.000830089688304018	0.000350133880000236
0.000699059568871956	0.000380005481434432
0.000591851188958303	0.000375909043247778
0.000269369183145316	0.00014994407012193
0.000139807110916872	7.03527145173288e-05
0.000109548659662118	5.4873698521174e-05
8.73598847176075e-05	4.35388639207958e-05
0.000103493008801842	5.19611885741689e-05
8.38828916289481e-05	4.13034418749755e-05
0.000120870340411499	6.01451399469799e-05
0.00017753751721406	8.94869927777721e-05
0.000187152700028788	9.42993040343618e-05
0.000260069986482573	0.000122322810962476
0.000471355934615938	0.000244366722363891
0.000151452313879744	7.69737104571288e-05
0.000396874430836282	0.000175369899769946
0.000127738373307168	6.40270214918119e-05
9.15219731275128e-05	4.54252136031289e-05
8.54745970488406e-05	4.25507116017146e-05
0.000100756587631524	5.05269242068636e-05
7.62328676298948e-05	3.72937678708828e-05
0.00011786962649642	5.85723495112246e-05
0.000177881919071282	8.96675071361629e-05
0.000188424465276531	9.49658854795721e-05
0.00025581940011048	0.000119112501767665
0.000482360318926139	0.000261387215371883
0.00043633025513021	0.000233975149909332
0.000236927797337364	0.000397434666502
0.000301466320291963	0.000115287629643697
0.000105525583521509	5.27650484281173e-05
9.43294652781279e-05	4.7191891152659e-05
0.000166558266588209	7.59585681414922e-05
9.1568336140859e-05	7.16101862593317e-05
0.000122594547638034	6.10488637646779e-05
0.000174436800088093	8.78617867842257e-05
0.000272833684353524	0.000124580297466715
0.000612667143388309	0.000264351067905756
0.000215779284152126	0.000130977299252396
0.000269604750706426	0.000325270746665928
0.000643120090847458	0.000359066356366434
0.00013138892761969	6.59404184601429e-05
0.000100096101665182	4.99192466034823e-05
9.8143946709662e-05	4.91912086759778e-05
0.00010791808329198	5.42805415790062e-05
8.86890160106208e-05	4.38225178930396e-05
0.000130666479568985	6.52796760641356e-05
0.000174702208356016	8.80008975415897e-05
0.000269643986540962	0.000121574819521077
0.000325493316964987	0.000128437870422933
0.000345504649428248	0.000186178423989386
0.000655103624821963	0.000343058993898615
0.000235148051516049	0.000205094748285337
0.000143512545932409	7.74533414431972e-05
0.000107691173269956	5.39001179284159e-05
9.21368386864559e-05	4.60426505951918e-05
0.000111162055424891	5.59808330725943e-05
8.97977712234564e-05	4.44036594625771e-05
0.000126005323104008	6.28365833484868e-05
0.000172585697959443	8.68915524313546e-05
0.000192106750235552	9.71460571371783e-05
0.000270585166856226	0.000125250914648277
0.000513259124506877	0.000246288233200732
0.00044044660296482	0.000245204104104618
0.000468382032813421	0.000302745382650205
0.000210513134658538	0.000110838286527893
0.000114864838393693	5.76601137878114e-05
0.000105093320340542	5.28336446730305e-05
0.000112708113646908	5.67911820940357e-05
7.73561367656427e-05	3.78825167498099e-05
0.000130573003809272	6.52306817964339e-05
0.000175349531476238	8.83401846716333e-05
0.000194364814421905	9.80794526456868e-05
0.000530017819367734	0.000214772017000062
0.000703531832513645	0.000395685970829141
0.000586613886296196	0.000280963023367352
0.000519937209950783	0.000400638787747356
0.000157919082390945	8.82334073671032e-05
0.000115437020562264	6.04795540171539e-05
9.20531526459015e-05	4.90179556343717e-05
9.62774845112654e-05	4.81792527034575e-05
8.93335319981385e-05	4.41603336960609e-05
0.000126311994769491	6.29973218514028e-05
0.000178367327442867	8.99219284725084e-05
0.000189145314027516	9.53437102416992e-05
0.000323436156475359	0.000136471529595831
0.000233855730057996	0.000397773665052343
0.000411640332323908	0.000366599385570292
0.000263899095250134	0.000420276712069366
0.000177476907194786	0.000213693445159717
9.12867164968517e-05	4.53019064871814e-05
0.000158973196483299	0.000114281804752713
0.000142210772049533	0.000116040059391077
0.000201945174325546	7.17461675773214e-05
0.000136250444329977	8.92634808990302e-05
0.000234953327005686	0.000103405067500258
0.000505320304955255	0.000205099188804916
0.000280827490386125	0.000157273879062308
0.000299626379611771	0.000132246308280356
0.000503909046853267	0.000395991252845407
0.000229071838462557	0.00038217862573477
0.000121759736306761	9.92598265566643e-05
0.000100497744991859	5.01297634340299e-05
8.67730955907431e-05	4.32313050022665e-05
0.000107472946522721	5.40472281498999e-05
8.10166464487299e-05	3.98011317136088e-05
0.00012298372696527	6.12528477301586e-05
0.000176093086685049	8.87299107681454e-05
0.000192897153176854	9.73101945176305e-05
0.000273930073431013	0.000127154033833663
0.000497371239914181	0.00033022648128274
0.000147964669753149	7.44229472000912e-05
0.000326259875050491	0.000131365090136972
0.000189820248047333	8.51310130551118e-05
0.000107807986050146	5.39613440328223e-05
8.23468751572119e-05	4.09113513640935e-05
0.000102515985419263	5.14490927612667e-05
7.73074227858396e-05	3.78569838654063e-05
0.000129460036345312	6.46473324228644e-05
0.000181726772589137	9.16827438467921e-05
0.00019200051010989	9.68402291427506e-05
0.000188014988498316	9.47305045668754e-05
0.000630757305241135	0.000382638810783628
0.000236995467640678	0.000278888476966613
0.000505410158728973	0.000384723972928763
0.000378684666159189	0.000219057176030021
9.6749443198274e-05	4.81651332233155e-05
8.75377102743919e-05	4.36320691855623e-05
0.000103239922737448	5.18285363611403e-05
0.000137192495676303	6.01317527736772e-05
0.000233555821375005	9.61339682051199e-05
0.000179066573294241	9.02884303178716e-05
0.000189787501731611	9.56803057011611e-05
0.000245746333697904	0.00010253461481518
0.00077816698611698	0.000349814664575001
0.000152029214060852	0.000289008052727082
0.000213720923458284	9.64788293920448e-05
0.000119927015759505	5.99327863234758e-05
9.7008203819468e-05	4.83007596914433e-05
7.3467631984065e-05	3.62573959605821e-05
0.000146065466157337	6.36047872365516e-05
8.14650513080652e-05	4.52995991003865e-05
0.0001289421339781	0.00010275167579666
0.000206941572170241	0.000136567194311965
0.000206804141909861	0.000181998345201153
0.000312647009496024	0.000171748140036726
0.00035978870013036	0.000286612995063844
0.000354385719540458	0.000398939645530617
0.000152636145394324	0.000354421164672007
0.000130652300034277	8.66368979122521e-05
9.42913302443078e-05	4.68767409761981e-05
8.76049853822577e-05	4.36673306763975e-05
0.000100713248901438	5.05042086991195e-05
8.56486652879447e-05	4.22289522705596e-05
0.000121413810875911	6.04299938759893e-05
0.000182305435993757	9.19860437594344e-05
0.000254344641516854	0.000147021847782884
0.000452388881501506	0.00020901414827551
0.000355447366833338	0.000132433550590208
0.000451196051690639	0.00017734361460114
0.000308340435374184	0.000240912992185079
0.000207942847620501	8.93383264856308e-05
0.0001074275293882	5.3761931954209e-05
9.50973992782514e-05	4.75943951183375e-05
0.00011098580968097	5.58884558489645e-05
8.58776533065331e-05	4.2348973764021e-05
0.000127521172652903	6.36310988338068e-05
0.000173298419722896	8.72651175244083e-05
0.000189390196900358	9.54720628441747e-05
0.000421469955570635	0.000244473966424407
0.000235189099079645	0.000166124039497041
0.0002883632910014	0.000150820884001022
0.000480971779296713	0.000276201350516222
0.000201198437602783	0.000119452900125807
0.000104630770806589	5.22960424116673e-05
8.1676555011376e-05	4.05600106018278e-05
0.0001660482237038	6.58593338095366e-05
7.89062249615895e-05	4.58042828667307e-05
0.000134583296676111	7.95694471284418e-05
0.000182037931862498	9.18458344788846e-05
0.000252023765172968	0.000111328904216142
0.000188262001541244	9.48599736740337e-05
0.000418652616918316	0.000245274202601841
0.000468902569174236	0.000201827550550932
0.000152530202872976	7.74661849635167e-05
0.000119410771452577	5.9662202678574e-05
0.000151145600526337	6.21198328754931e-05
0.000165022163617956	6.38966052993162e-05
0.000118715097393549	5.15141918587648e-05
0.000104265454655151	4.3903092024922e-05
0.000129805326130167	6.48283121785335e-05
0.000175688688185299	8.85179498446316e-05
0.000192242528525502	9.69670803721992e-05
0.000333429667969798	0.000165598654323291
0.000435896620437337	0.00038004145458009
0.000275097486560366	0.000111274489323471
0.000242320200450519	0.000202469501879597
0.000139120586310743	8.54282204532744e-05
9.83249773537755e-05	4.89909317236413e-05
8.69222534484469e-05	4.33094844151173e-05
9.56578713063653e-05	4.78544894137491e-05
8.09876383200009e-05	3.97859274293234e-05
0.000122868423098732	6.11924125058656e-05
0.000178233426937005	8.98517460289557e-05
0.000354876447316449	0.000166647412701802
0.000361512037147588	0.000199071601055081
0.000451827059370277	0.000251924183386583
0.000434505173663138	0.000312197005927206
0.000439944494574746	0.000395661280879324
0.000313134059211198	0.000247738401682331
0.000105708608976383	5.28609791609605e-05
9.44797463830556e-05	4.7270659302904e-05
0.000101235776542916	5.07780856831279e-05
8.15059925292405e-05	4.0057616955782e-05
0.000125766956927164	6.27116463988945e-05
0.000176447077698484	8.89154511748721e-05
0.000494179422867292	0.000318183965056827
0.000662645377308858	0.000315440318283738
0.000586741026013484	0.000350913303453521
0.000513167770177451	0.00029900059572323
0.000632002315110038	0.000402769607638296
0.000336864644931277	0.000134594582041208
0.00010244441928025	5.11500908590899e-05
9.16411859509317e-05	4.57828597907532e-05
0.000106190852715339	5.33752331063676e-05
7.05281746059817e-05	3.43037172093235e-05
0.000121502764919036	6.0476618136818e-05
0.000265645601584768	0.000150749349420684
0.000189056501178532	9.52971599861907e-05
0.000290515342646662	0.00012827326506448
0.000512125620575676	0.000360184744972442
0.000185653615895313	0.000200657615217484
0.000454649276314781	0.000218994478053864
0.000220881224758367	0.000149528316222627
9.70664415788677e-05	4.83312843577647e-05
8.23633001016886e-05	4.0919960313934e-05
9.41173925285364e-05	4.70470647952012e-05
8.08794453065161e-05	3.97292192786499e-05
0.000125181274378951	6.2404667481115e-05
0.000180286466226283	9.09278234724538e-05
0.000187594556000777	9.45308978704928e-05
0.000208062285434785	0.000100051636601011
0.000154483766595761	7.75279427165366e-05
0.000212939655147013	8.31902364570329e-05
0.000152622295548042	7.68716995407301e-05
0.000115811587081562	5.77757306870902e-05
9.88308690690193e-05	4.9256089174095e-05
7.541638556627e-05	3.72788132240988e-05
9.46791855838432e-05	4.73415223040695e-05
7.74419403249059e-05	3.79274897199704e-05
0.00011742695863774	5.8340330133819e-05
0.000183076460871768	9.23901677739804e-05
0.000188904630039173	9.5217558437289e-05
0.00046280259212336	0.000216664718143393
0.000479615670624286	0.000324641638310022
0.000522232889470191	0.000356683006145534
0.000624411547023578	0.000493209176545915
0.000194522883843304	8.64925088717392e-05
9.95478647455718e-05	4.96318943906113e-05
9.27695049436881e-05	4.63742554954123e-05
0.000102898257758515	5.16494565067101e-05
9.32341761798078e-05	4.62048124553942e-05
0.000175158380470818	7.72651720213383e-05
0.000174369553035528	8.78265399982605e-05
0.000190314259446206	9.5956399830399e-05
0.000463165640623959	0.000237943099548911
0.000274674096016104	0.000128767156588033
0.000331972672618552	0.000198311016855216
0.00038448604546114	0.00023710406169597
0.000388558519066539	0.000257368587571241
9.72387765194598e-05	4.84216117778322e-05
9.43254486879141e-05	4.71897859020915e-05
9.24681322398757e-05	4.6182623571717e-05
8.18256982724438e-05	4.02251871238809e-05
0.0001264850416122	6.30880224069546e-05
0.00017303755330435	8.71283873262918e-05
0.000189559610895596	9.55608592836003e-05
0.000193063403946789	0.000132993982128913
0.000328795879732796	0.000244811759646421
0.000638155822062894	0.000391063395498533
0.000309621549449573	0.000323784469783654
0.000237714178881587	0.000153455348635628
9.98343721707727e-05	4.97820640338634e-05
8.20996440527228e-05	4.0781767962421e-05
0.000166883830723441	6.75553558538097e-05
0.000236031166287749	7.65888785613778e-05
0.000122882293563389	6.13344532056517e-05
0.000180449846228715	9.1013457262442e-05
0.000187361245328733	9.44086107068595e-05
0.000188289067648926	9.48741600698384e-05
0.000244265671407966	0.000118630905595961
0.000162771628533835	9.56683365354552e-05
0.000152674852370933	7.68992466081001e-05
0.000118565879145393	5.9219361882154e-05
0.000174996851899983	7.18359993910165e-05
7.22419648732069e-05	3.56149763351421e-05
0.000122999240900403	5.3419123459351e-05
7.36182880754575e-05	3.83278091372138e-05
0.00011951405696586	5.94342592393074e-05
0.000334404866399719	0.000147063207689957
0.000236107980425744	0.000107171430647345
0.000424524960390427	0.00018009609322745
0.000526504281798099	0.000258870545414629
0.000359215953299153	0.000215431616447936
0.000563697743013113	0.000304730098194776
0.000273953845060341	0.000174393711658452
0.000104059059095082	5.19963861507524e-05
9.52805214773964e-05	4.76903765586016e-05
0.000109944362826749	5.53425931982685e-05
8.10623215524495e-05	3.98250718053054e-05
0.000126154340642712	6.29146892147124e-05
0.000176213134235715	8.87928323411002e-05
0.000223093060214933	0.000106607896052348
0.000251111886242992	0.000152062119206986
0.000486846978020379	0.000324950044195291
0.000545714719550445	0.000309674326261231
0.000590255483247195	0.000459046294836843
0.000202260706335209	0.000106912161786599
0.000108124642993574	5.41273162068223e-05
9.56500163192706e-05	4.78840431225617e-05
0.000107003865132733	5.3801364417254e-05
8.41666953500556e-05	4.14521944021481e-05
0.000128991227794281	6.44016116956876e-05
0.000178866037753048	9.01833218703008e-05
0.000196165710446689	9.90233720341152e-05
0.00025617961150739	0.000113950963839567
0.00039107252629196	0.000384507809539837
0.000364064074522077	0.000231936945407766
0.000584215044881145	0.000313660912483148
0.000132949581222205	6.6758417486051e-05
9.56801050605703e-05	4.76046516702032e-05
8.43069912967298e-05	4.19387241841788e-05
0.000108522328177843	5.45972497372097e-05
0.000119176197232061	7.29138817740097e-05
0.000123264113137397	6.15491459563766e-05
0.000180783700058522	9.11884429909454e-05
0.000192581745188545	9.71448769694033e-05
0.00020818334257901	0.000135845525836848
0.000359836729805173	0.000148358688356984
0.000285016293503626	0.000119190426281843
0.000298053235333225	0.000133503840842725
0.000134294784588091	6.74634906945895e-05
9.69064242315292e-05	4.82474130656083e-05
0.000148229663839417	5.92712015094599e-05
9.67765451443473e-05	5.01879658259848e-05
9.39150960583636e-05	4.12295756037629e-05
0.000123767708964274	6.36607827197404e-05
0.000178944099833079	9.02242372312258e-05
0.000200771048648065	0.000179565036300471
0.000218295598338318	0.000161924129713999
0.000521126049607059	0.000268719210360229
0.000371785236415333	0.000249682994801539
0.000288446469767963	0.00034480908519921
0.000131626810510504	6.60651021007998e-05
9.83145278002704e-05	4.89854547077458e-05
7.80141632486804e-05	3.86404091671785e-05
9.87526266425771e-05	4.9476570602275e-05
7.79670999215571e-05	3.82027462136693e-05
0.000133679333296588	7.05023178768329e-05
0.00017869884259019	9.00956884069017e-05
0.000188905546932552	9.52180390166372e-05
0.000188120262763722	9.47856828885837e-05
0.000410652621187645	0.000188670532353917
0.000648791633105005	0.000312326054654843
0.000406058045208849	0.000240135901006072
0.000227426801497869	9.00610362063247e-05
9.77497570432202e-05	4.86894364700127e-05
7.51569838279801e-05	3.71428507216588e-05
7.91374889091814e-05	3.91955168610018e-05
7.28524829886149e-05	3.55219772958922e-05
0.000121511715625343	6.04813095488187e-05
0.000182839563859926	9.22660008706942e-05
0.000235723406089407	0.000135057089072207
0.000693035387048514	0.000319999698447758
0.000248636968465921	0.000193605081883038
0.000418031050968344	0.000327886928290458
0.000264645965659948	0.000204259246333007
0.000143762820536117	6.72095586310674e-05
8.4452898464205e-05	4.17200376567575e-05
7.67259526990219e-05	3.7965208102005e-05
8.76295837066403e-05	4.3646552799435e-05
7.48187147543667e-05	3.65525555526574e-05
0.000118626584505429	5.89691005346578e-05
0.000264207236658079	0.000122167733674623
0.000552125087298483	0.000282429371240416
0.000532535856746771	0.000332831823630618
0.00043642363599893	0.000298312412517103
0.00065156929522535	0.000246286074956417
0.000462127652408957	0.000330284395529765
0.00028050899757716	0.000126421601706438
0.000105893360657418	5.29578146758228e-05
0.000112943472324248	7.04104910975095e-05
0.000103493483787097	5.19614375323462e-05
8.51472311074197e-05	4.19661311867743e-05
0.000231519353090269	9.63077547179104e-05
0.000177632995216415	8.95370364984261e-05
0.000334991059788861	0.00013683693698281
0.000501725526798564	0.000208082561933364
0.000751358214054294	0.000370243861070816
0.000476324053844713	0.000335920207225298
0.000554315284309732	0.000411232011801346
0.000274261737286844	0.000212233709677929
0.000106818023112092	5.34424660975082e-05
8.89558130540892e-05	4.43753518016152e-05
0.000104993501919596	5.27476551588912e-05
8.15421982046351e-05	4.00765937531684e-05
0.000120218510712984	5.98034907446304e-05
0.000178230823842313	8.98503816461617e-05
0.000190621461825469	9.61174165009713e-05
0.000325756614319298	0.00013595082967593
0.000433883454286586	0.000229620582258781
0.000583886299554671	0.000449246207145025
0.000524056268049759	0.000297038790808405
0.000176849332218906	8.21853385782635e-05
9.93509120947001e-05	4.95286638746894e-05
9.38497807422794e-05	4.69404699004126e-05
0.000101167396383265	5.07422449918329e-05
7.74605945525356e-05	3.79372671234926e-05
0.000373984468835407	0.000143915160962745
0.000177506185615709	9.29161471441454e-05
0.000191932794769961	9.68047369092328e-05
0.000513090181290705	0.000205976295475818
0.000295125538102633	0.000124475816538593
0.000259864444076792	0.000117996464596344
0.000295552332408216	0.000135873491190495
0.000252649916271485	0.00020357067994895
0.000105775011015084	5.28957830424162e-05
8.97731426293349e-05	4.48037459022147e-05
0.000106479358920853	5.35264503878316e-05
6.47313009018202e-05	3.12653510813921e-05
0.000122703963220194	6.11062127109667e-05
0.000236735899787029	0.000104072902884995
0.000188472700355512	9.49911673534981e-05
0.000222106561566518	0.00010791467176066
0.000191279424528958	0.000162439213951833
0.000506622985137263	0.000356677547135165
0.000422170597025152	0.000384930013880169
0.000211316668855069	0.000116835826085266
0.00010660953442538	5.98870440653787e-05
7.76550890503268e-05	3.84522044662708e-05
0.000201694825188018	7.76395811327603e-05
7.59967779220156e-05	3.9076206928985e-05
0.000145557336889313	6.64791254545505e-05
0.000185032112784878	9.3415200720024e-05
0.000265915978698866	0.000156490730740727
0.000262712285605039	0.000123355296234952
0.000232083896117117	0.000137241831755871
0.000155177155141191	7.81059570355353e-05
0.000152844694854495	7.69882676348594e-05
0.000117536000763453	5.86795627160401e-05
0.000126438711985916	5.22139038691308e-05
6.7922111877996e-05	3.33507739929608e-05
9.20516538059987e-05	4.59643310866492e-05
7.04629662426461e-05	9.00026222825545e-05
0.000123808058958595	6.1684912069406e-05
0.000310374954027486	0.000133094130428599
0.000276093265775756	0.000127919732396659
0.000313780929861905	0.000127911981056452
0.000250729336780669	0.000110306966895789
0.000568669798241613	0.000255945364749281
0.000353380771090853	0.000285229963362988
0.000120848654170413	6.04158527266465e-05
8.62246619007532e-05	4.26486875268505e-05
8.63383139873814e-05	4.30034191168532e-05
9.39247283428797e-05	4.69460820300697e-05
8.8351529788786e-05	4.36456282871249e-05
0.000119438645591636	5.93947332160062e-05
0.000178015212468684	8.97373713706471e-05
0.000189784504530833	9.56787347520968e-05
0.000265058073021277	0.000125571483238101
0.000363137512946287	0.000162479982127891
0.00042187703276214	0.000166243642418467
0.000558601716384686	0.000372451756037867
0.000125804789538363	6.33356721214885e-05
0.000107218456436318	5.36523487188856e-05
0.000103339849575768	5.19145827010261e-05
0.000101099570694689	5.07066949203136e-05
7.68207667569159e-05	3.7601908583505e-05
0.000118344634346675	5.8821319531337e-05
0.000242280547323503	0.000108174330434047
0.00019028429459565	9.59406940911323e-05
0.000251535040001347	0.00013782149822227
0.000409184339774955	0.00025483762545918
0.000306632432633882	0.000149354713453971
0.000701327117157697	0.000344259356552608
0.000157170850027728	9.91636075082442e-05
9.90727209500293e-05	4.93828531163057e-05
0.000182488346121396	7.81937463266255e-05
9.97146681937301e-05	4.9980813856805e-05
7.08467441950898e-05	3.44706918750369e-05
0.000119446379722439	5.93987869736452e-05
0.000181155581244621	9.13833603303806e-05
0.000283346294536367	0.000132699903650568
0.000669680709056621	0.000234358911857394
0.00054687527248519	0.000262894424083359
0.000533796316114078	0.000291337100315582
0.000283746006825107	0.000185360104213625
0.000175198417080077	9.52647247781293e-05
9.33751465020154e-05	4.63965335762086e-05
7.74928287497612e-05	3.83671575554173e-05
0.000100069558103671	5.01668254100212e-05
7.02437718199922e-05	3.41546506890335e-05
0.000122579416746891	6.10409330783321e-05
0.000254043200018915	0.000117280391675852
0.000253739378633566	0.000111953367822251
0.000299411978140576	0.000157835516591581
0.000261597140089944	0.000110491985478732
0.00043157344031359	0.000250775827210187
0.000190783974837135	0.000164623222414953
0.000153472432883396	7.66502295012794e-05
9.90776325583084e-05	4.93854274805218e-05
8.95614785561855e-05	4.87481059648993e-05
8.45027901743415e-05	4.20076791509111e-05
0.00013051823848074	6.96562053238457e-05
0.000124288940569922	8.24119825889158e-05
0.000182170796946258	9.1915474217593e-05
0.000188732220408915	9.51271918694735e-05
0.000244222236067253	0.000106999982504566
0.000505918814205741	0.000285938663697381
0.000444082847388162	0.000405180522320394
0.000219254943494784	0.000196306778819539
0.000107907676021131	5.36329846364117e-05
9.498337910069e-05	4.72394705976139e-05
7.53442838285729e-05	3.91935516050287e-05
9.5080520533227e-05	4.75518775021287e-05
6.64034976615325e-05	3.21418141981061e-05
0.000114207138709184	5.66526977463925e-05
0.000553056110372588	0.000293223244098392
0.000235972930563954	0.000136067585381738
0.000396347452385598	0.000190599752510274
0.000431567037412352	0.000259059666901725
0.000154250637037812	7.76240667969367e-05
0.000152975145854802	7.70566420588878e-05
0.00010869702167449	5.40467112792185e-05
7.82508216778192e-05	3.84692888924613e-05
8.15950689532259e-05	4.0517300601297e-05
9.69574012550692e-05	4.85356234145709e-05
5.90324207796567e-05	2.82783471868805e-05
0.000116356676869831	5.7779353987552e-05
0.000183953119720525	9.28496586457416e-05
0.000214787132609502	0.000137229211733897
0.000223946637353553	0.000153751214804516
0.000354187601614543	0.000224066120272235
0.000486624123122468	0.000275225879350977
0.00030938301409562	0.000235922862451668
0.000119107060027853	5.95030157525445e-05
0.000105166416360211	5.25767950017283e-05
0.000167050792368195	7.14517583096124e-05
0.000106645371367226	5.3613463943692e-05
7.60934689166133e-05	3.72207036037749e-05
0.00012178996158868	6.06271490397896e-05
0.000182893746849992	9.22944002752918e-05
0.000305394188904264	0.000123060470205039
0.000428389262674976	0.000233462655591291
0.00055675545588251	0.000266468264791212
0.000381065360223889	0.000225044567127438
0.000646334809091252	0.000418354348365109
0.000202508283934458	8.84732939240491e-05
0.000106389203128027	5.32177049277713e-05
8.7442514494164e-05	4.35821733884607e-05
9.9837180285494e-05	5.0045027191246e-05
0.000133014301710842	5.44243709902584e-05
0.000129050595931211	6.44327288366727e-05
0.000253781644037517	0.000115916170433493
0.000193738279326737	9.77510613250767e-05
0.000293553908181271	0.000120068759575923
0.000676763362686572	0.000316114328694603
0.000653779013511645	0.00023155179536012
0.000581326225569639	0.000317542138364166
0.000202141981575064	9.15643978067732e-05
0.000100779871744688	5.0277636997148e-05
9.09429242697097e-05	4.54168737871019e-05
0.000103098904802179	5.17546233970464e-05
7.88654606566686e-05	3.86736118849823e-05
0.000121591649797319	6.0523206145673e-05
0.000179177059469743	9.058941795039e-05
0.000274729120849788	0.000126983810932536
0.000215356300065746	0.000118780407907051
0.000532485278620562	0.000260510948751257
0.000509654735114653	0.000265175586450369
0.000260458647492709	0.000232547929227602
0.000133684251051514	6.7143486410872e-05
9.39255589885527e-05	4.6685026088006e-05
8.65330848452593e-05	4.3105506070526e-05
9.70488739846376e-05	4.85835678165596e-05
7.98682788077164e-05	3.91992277355451e-05
0.00012142651679104	6.04366535384419e-05
0.000180909297390007	9.12542734190724e-05
0.000279710212108979	0.000130429321576267
0.000277001534219348	0.000129388290625385
0.000328851501264488	0.000295378538151104
0.000552316261714134	0.000346714837643703
0.000208902034061964	0.000436270337343281
0.00011180298001469	0.000124129738495866
0.000147309033822904	6.10131493545917e-05
7.59223481031452e-05	3.75440077949138e-05
0.000120887291030269	5.87026726502148e-05
7.9040636618125e-05	3.88027962955835e-05
0.000122682497191239	6.10949615334171e-05
0.000182422407058954	9.20473528271457e-05
0.000185412697297691	9.33873011806719e-05
0.000497481000726523	0.000191730471990879
0.000364397329621521	0.00025600807799471
0.000353915131462733	0.00016436543227694
0.000444118910641497	0.000194883794286419
0.000117282058428753	5.85464616985645e-05
8.31630363022689e-05	4.1043970917592e-05
7.42831253587822e-05	3.66848276373348e-05
7.54965385655455e-05	3.72871537049024e-05
9.37177373364058e-05	5.00781543856588e-05
0.000115715225997932	5.74431447303949e-05
0.000183104276901059	9.24047472327587e-05
0.000186189384777132	9.37943931840441e-05
0.000294029180399199	0.000147245032616938
0.000701297511317717	0.000378979628783248
0.000260643922559358	0.000171259772505731
0.00024045188447558	0.000115099346763331
0.000153659719123009	6.83077415673246e-05
9.75378467408263e-05	4.85783660693429e-05
8.25762223753922e-05	4.10315611279795e-05
9.5973127204955e-05	4.80197272458616e-05
7.70687608198315e-05	3.77318918812522e-05
0.000115619568291154	5.73930068196896e-05
0.000177015518010587	8.92133927685981e-05
0.000188430751149033	9.49691801489181e-05
0.000294962609980196	0.00013691134133312
0.000556954616762718	0.000344658248571042
0.000547047253731616	0.00027441453660973
0.000389069345968133	0.000219338820383825
0.000535853074508425	0.000267751392483712
0.000108149042503626	5.91987134858194e-05
9.78951598988663e-05	4.9060809868349e-05
0.000100446687064787	5.03644933116857e-05
8.27251493969224e-05	4.06966243105119e-05
0.000126665681190588	6.31827026094824e-05
0.000180538401425813	9.10598724726129e-05
0.000259409312152165	0.000115895533911788
0.000275443731055788	0.000112005722765525
0.000224982948313284	8.39066964564621e-05
0.000388333381913515	0.000164529987511142
0.000656222746589116	0.000451650136599906
0.000152446291501821	0.00024617758528094
8.70515341104689e-05	4.30820832919376e-05
0.000166814158177398	6.34155653894333e-05
0.000136200455119803	8.00611258474574e-05
6.86834058601421e-05	3.33368024277919e-05
0.000171436883276339	0.000122574973114028
0.000181927922741075	9.20101244838111e-05
0.000185202976089089	9.32773781688825e-05
0.000188456139204939	9.49617287461001e-05
0.000259901853538297	0.000173172676764886
0.000229925723027317	0.000104067510652759
0.000230319309138637	9.10415569247447e-05
0.000137778710453221	5.72145375379404e-05
8.83922100945538e-05	4.37847835242456e-05
7.58014320266599e-05	3.74806309939234e-05
7.91620445897457e-05	3.92083874446789e-05
6.76113860635976e-05	3.27749153133712e-05
0.000217402561344195	0.000110776194205259
0.000260228254492552	0.000119541956821955
0.000187722547157019	9.45979829949319e-05
0.000278238375774627	0.00013026516446056
0.000274555195364847	0.000111182462214662
0.000649272055766639	0.000421420093724978
0.000616269760816269	0.000395479130053697
0.000126478920772652	7.21699503647494e-05
9.75854994933284e-05	4.86033427233971e-05
0.000198485461522313	7.82184076273959e-05
0.000100740780850284	5.05186392603281e-05
7.90873408091966e-05	3.87899078704231e-05
0.00011729928155521	5.82734096275823e-05
0.0001762572527597	8.88159565690431e-05
0.00028184943162158	0.000131466277282247
0.000437055273419851	0.000222288942852537
0.000468727669127172	0.000263612071179288
0.000536730476145182	0.000308672808202028
0.000500645281672272	0.000182321368412037
0.000176674855478885	0.000127855779536286
0.000107381442320719	5.37377759363424e-05
9.30846147224935e-05	4.65394167404839e-05
9.59989421194063e-05	4.80332578428121e-05
7.68778274398511e-05	3.76318162984415e-05
0.000122708768324725	6.11087312524415e-05
0.000181528798752548	9.15789780878664e-05
0.000479984248394298	0.000193663536191895
0.000345463571409923	0.000153358074620622
0.000485537782980806	0.000298289886855097
0.000258233445172359	0.000378817162866234
0.000333833006761068	0.000344847395001747
0.000264820367774773	0.000390001670813548
9.45963612011091e-05	6.8150425703815e-05
0.000140511143089764	5.41403825287555e-05
0.000117424617118055	5.05083304526973e-05
6.83535559469431e-05	3.3163915307128e-05
0.000119962469918179	5.96692898429021e-05
0.000187133784602509	9.45167683560644e-05
0.000235371250861745	0.000102626063955153
0.0004525907604713	0.000175182432725928
0.000392794198580389	0.000278864458683865
0.000167909547033562	9.46152785796074e-05
0.000448846698493777	0.000285548193741956
0.000116469755390671	6.72939411809169e-05
0.000108653112708442	5.31909438469288e-05
0.00015939943227799	0.000177175506152524
0.000137940717021266	5.9772545447592e-05
6.4522691194662e-05	3.11560106505782e-05
0.000166498144152783	7.37448026208806e-05
0.000182303564938308	9.19850630667735e-05
0.000185630851996435	9.35016445114295e-05
0.000188360801591326	9.49117586086257e-05
0.000514940200496333	0.000221042986793887
0.000468210600745115	0.000383234946143125
0.000416582994163361	0.000441378568378777
0.00028689653696657	0.000277447040295395
9.56820999304501e-05	4.76056972588052e-05
0.000101658408926746	6.20681973721351e-05
8.46782266729218e-05	4.20996322177006e-05
6.83022572200474e-05	3.31370276566184e-05
0.000119958989554137	5.96674656492489e-05
0.000186596719267296	9.42352716034568e-05
0.000207589709377482	9.86533865229579e-05
0.000622357720656223	0.000330258929740203
0.000676963260470362	0.000314559535767596
0.000416403404616642	0.000230433526568173
0.000512894133438279	0.000317348238473357
0.000115862042980559	5.78021765788395e-05
8.92929614375033e-05	4.42569022057587e-05
6.87453711585704e-05	3.37822760818896e-05
8.82494114127332e-05	4.39714285175301e-05
7.69802711225052e-05	3.76855110020493e-05
0.000120302605889825	5.98475682853664e-05
0.000180342937738851	9.0957422380371e-05
0.00018796667206084	9.47259383164737e-05
0.000424047790947627	0.000196876238717522
0.00051574640596017	0.000344097428601149
0.000560141073791961	0.000320763011686237
0.000619671695685775	0.000260038537413637
0.000168532709594218	0.000142861900407662
9.27080366742921e-05	4.60468754660605e-05
8.29210703233494e-05	4.121230929981e-05
9.67503896647172e-05	4.84271206186995e-05
7.00381069431612e-05	3.40468537579015e-05
0.000116996572355184	5.81147480063518e-05
0.000256574227931035	0.000116952309612144
0.00036089740126671	0.000184626472014111
0.000553952456168525	0.000330440761307309
0.000488476741784932	0.000267822115802241
0.000534814246114167	0.000297017796797941
0.000493829919621132	0.000324852873043368
0.000158981996371506	0.000144788238123091
9.65492330716209e-05	4.80601953381145e-05
9.53314023492799e-05	6.49301563284207e-05
9.79694373987452e-05	4.90660707722527e-05
9.77488121718891e-05	6.39740644873189e-05
0.000146998208067091	6.70341177874457e-05
0.000185826698709513	9.38316739920581e-05
0.000185472127814574	9.34184510174079e-05
0.000204204342173053	9.78876403491828e-05
0.000529493452163069	0.000186759943299085
0.000238330567484495	0.000483808735639021
0.000222217237409879	0.000172877277711648
0.000109309679698773	5.43678290892633e-05
8.61002558675621e-05	4.25834815043204e-05
0.000107492238771561	7.06916672782041e-05
9.3715191587696e-05	4.72621738956132e-05
0.000173104613241926	0.000100654250340202
0.000182685402274928	7.58754708176795e-05
0.000186898151042975	9.43932636770892e-05
0.000270857074387403	0.000125610980528097
0.000212533580721713	0.000101428154990832
0.000434030839516875	0.000175601697203328
0.000493017188911496	0.000210184067842458
0.000358311863056649	0.000215190387390071
0.00010739317928073	5.33633169588421e-05
9.09559654028284e-05	4.51285470227281e-05
0.000100566363331633	4.2686663831757e-05
8.33699752121726e-05	4.14139269344713e-05
6.44812851730829e-05	3.11343081502515e-05
0.000154105309183193	6.58270300342132e-05
0.000201137395789957	0.000115784787045276
0.000186732565802619	9.40790954068972e-05
0.000256276441427557	0.000160294926999108
0.000502601337349631	0.000362365901271931
0.000148826314265994	0.000135117702777807
0.00050508730688262	0.00043566195212293
0.000166916656146472	0.000114026385415635
9.65541413264132e-05	4.80627679446382e-05
8.74764920441557e-05	4.3599982338987e-05
0.000102574828409797	5.14799346526773e-05
6.75651106089218e-05	3.27506605544758e-05
0.000112372307796636	5.56909917683644e-05
0.000180894571593373	9.12465550584555e-05
0.000187042018616259	9.42412916173274e-05
0.000477119988847969	0.000235317189829962
0.000688484108709485	0.000408850521606309
0.000286974889465327	0.00016620866508904
0.00024601346842313	0.000188251236672442
0.000132150542909992	6.63396105451641e-05
0.000103824471492725	5.18734296984626e-05
0.000128710281054923	6.1959257777351e-05
9.57720674109147e-05	5.21765456064566e-05
7.11876531209511e-05	3.46493754527562e-05
0.000150135550992247	6.59051168335949e-05
0.000180995451939443	9.12994303567829e-05
0.000188130249932872	9.48116758175867e-05
0.00065499240496254	0.00026811653807952
0.000411874241300491	0.000208566752048672
0.000265385554139257	0.000143130216964705
0.000631784099935397	0.000302756263829612
0.000218887639175215	8.80328834243523e-05
9.45125348695706e-05	4.69926828916236e-05
0.000104320019434638	4.54675410936187e-05
8.82589290484991e-05	0.000174749601714325
9.75973010839714e-05	8.79621363171153e-05
0.000169709912037136	9.16649672507359e-05
0.000183226494650011	9.24688062907265e-05
0.00018859991502728	9.5057845492337e-05
0.000188364473450271	9.49136831721776e-05
0.000249758112875779	0.000122764793159668
0.000422888231307354	0.000260756109539645
0.000523913207427553	0.00033087131163709
0.000353244121721281	0.000233815029093166
9.40385745646719e-05	4.67442619306228e-05
0.000108047422873102	0.000133029425370337
9.12463017558396e-05	0.000122128084651003
6.50515497437339e-05	3.14332059085693e-05
0.000120940050395663	6.01816776508306e-05
0.000679958152919378	0.000231701077886949
0.000184904727288633	9.31210544159e-05
0.000468577763320307	0.000241740668366555
0.000339100090663134	0.000271697124912382
0.000365166721987208	0.000480746314316471
0.000153015537109844	0.000289548537880029
0.000109270334277554	5.43472066294303e-05
8.17329731627198e-05	4.02944194134959e-05
8.53936490618418e-05	4.11358696177011e-05
0.000138930582005986	6.56369414745723e-05
0.0001568079357879	9.54734260707206e-05
0.000133750410427599	6.82477507862623e-05
0.000260440921012394	0.000119495550516201
0.000277804359259752	0.000112845668839982
0.000473555965350148	0.000200807541083727
0.000287364880940884	0.000202646280809011
0.000265820145981785	0.000266151703271311
0.000252668275842761	0.00012101095435018
0.000159424587033643	0.000149173336876489
9.32310790232197e-05	4.63210222281876e-05
7.01446015775932e-05	3.45156669624392e-05
8.83462790449649e-05	4.40222005970485e-05
6.33755494873624e-05	3.05547492318769e-05
0.000111475521476702	5.52209513090521e-05
0.000183799367897044	9.27690713574181e-05
0.000464780006419839	0.000258037678424431
0.000458469993190556	0.000176068260397583
0.000405798527342957	0.000256876167014385
0.000543311205649978	0.000291396510734686
0.000279244828833589	0.000150293371378154
0.000146388152710608	8.98236119083513e-05
9.48483050708493e-05	4.71686730646718e-05
7.73062757409987e-05	3.82693778948944e-05
9.0304298253772e-05	4.50484743344956e-05
6.5061545163054e-05	3.14384448951415e-05
0.00012141702908932	6.04316806663375e-05
0.000184483476043913	9.3127638945288e-05
0.000187806412348167	9.46419399912545e-05
0.000896392421397872	0.000462741996907515
0.000500246666068449	0.000192909940813221
0.000256312465714472	0.000285261311828082
0.000384058016677794	0.000284340880704264
0.000112223517176974	5.58950842181277e-05
9.22435689206469e-05	4.58034299189928e-05
6.92644251577918e-05	3.40543323953935e-05
9.21810348897643e-05	4.60321447259608e-05
0.000240920790299799	0.000118587397080741
0.000116981220773997	5.8422920156696e-05
0.000181317143968737	9.14680416143873e-05
0.000190303880469077	9.14609512282498e-05
0.00043798229798317	0.000186559927560937
0.000359811552017807	0.000152142867937023
0.000539910179920871	0.000217413778502805
0.000239681425975939	0.000144361816296313
0.000139114172986093	6.13306789955864e-05
8.49228244280147e-05	4.19663440632693e-05
6.7023668691447e-05	3.28798651056546e-05
7.20104676661863e-05	3.54599688668791e-05
6.35902794159708e-05	3.06672975079017e-05
0.000135196185326153	6.94290709480978e-05
0.000184166295186369	9.29613921675985e-05
0.000183868692604627	9.25780284933258e-05
0.000188565655630809	9.50191305484851e-05
0.000219419704425129	9.9283946060529e-05
0.000191400971615788	8.68750145256047e-05
0.000153120723676662	7.71329450362321e-05
0.000100330729596796	4.96616134208682e-05
7.98532400390802e-05	3.93091784467456e-05
6.06280271191337e-05	2.95276615367281e-05
7.45129088594746e-05	3.67715952618735e-05
6.58035267012861e-05	3.18273461699262e-05
0.000120024398203423	5.97017488568201e-05
0.000188836742722657	9.54093546937358e-05
0.000184571682990831	9.29464929944881e-05
0.000283149469802624	0.000141064342374747
0.000508948182799472	0.000283936283340617
0.00026429449649257	0.000427386823909659
0.000459868767090397	0.00027942183481123
0.000178844342125086	7.92115570704194e-05
9.61756673180736e-05	4.78643950516052e-05
7.67636240771294e-05	3.79849531309768e-05
9.05203459539117e-05	4.51617133056415e-05
6.95199568016633e-05	3.37752711912536e-05
0.000152701914912876	6.57148475847723e-05
0.000183959548286264	9.2853028106142e-05
0.000267419318043337	0.000106259943443625
0.000270608024989534	0.000136347632610883
0.000457104467773724	0.000197524582459182
0.000381059614357928	0.000258976370123927
0.000347443249041983	0.000422339937526507
0.000135361761227898	9.92957355372072e-05
0.000110281999104795	5.42913405585601e-05
0.000116955114754214	5.0629950672721e-05
9.06119002323081e-05	4.52097004505308e-05
7.20533540296732e-05	3.51031228435424e-05
0.000117709453616241	5.84883966982798e-05
0.000179030565552379	9.02695572651192e-05
0.000188104434124227	9.47981447519547e-05
0.000491821313264856	0.000200993962320919
0.000368152876405551	0.000152803035005395
0.000482612563928205	0.000300216568407688
0.000304538225449111	0.000239412800252844
0.000162856708922469	7.19075547526273e-05
9.42424711377859e-05	4.68511320252578e-05
0.000142585706511311	5.78919505642444e-05
9.45555453611589e-05	4.72767176724999e-05
6.83907887127296e-05	3.31834304423868e-05
0.000189781480814897	8.22587805986655e-05
0.000258883080926052	0.000118810680113996
0.00027084055875193	0.00012527280822967
0.000533106275646216	0.000213130610680837
0.000714105681431875	0.000364201815072073
0.000280494501493563	0.000350695251815846
0.000493615320175327	0.000213910415530072
0.000179525939668352	0.000136938849109241
9.33507862242698e-05	4.63837654107204e-05
6.95631887250216e-05	3.42109259575888e-05
8.55751833683764e-05	4.25697619774251e-05
5.945578434874e-05	2.85002484380979e-05
0.000112518076992258	5.57673950521131e-05
0.000184325397676335	9.30447839475567e-05
0.000184163326933715	9.27324577618101e-05
0.000204286507010047	0.000117472068330299
0.000263379252995709	0.000104954668110282
0.000639286663705112	0.000378354293902167
0.000253878977770599	0.000143945166161385
0.000109476728753254	5.49212521211232e-05
7.72038443230544e-05	3.79205274921319e-05
7.81002742603514e-05	4.02508941823394e-05
7.87607825225779e-05	3.89980704470132e-05
5.95049446857881e-05	2.85260152756292e-05
0.00010999064372965	5.44426693451854e-05
0.000266469854332949	0.000122516029320229
0.000263254261445718	0.000120394962627695
0.000313585363343734	0.00012785051816275
0.000467695278615962	0.000195268614252558
0.000723704174111283	0.000268294933735499
0.000446779146777252	0.000184138364244445
0.000137591692499903	7.15315679727208e-05
9.03153786078105e-05	4.4792790661746e-05
7.93762526123744e-05	3.93543329814739e-05
9.25086571769466e-05	4.62038642615124e-05
6.13823590747905e-05	2.95100409037088e-05
0.000113721552776995	5.63981833436546e-05
0.000308204599225412	0.000162364342454142
0.000241815440644401	0.00016147935963701
0.000384703395168809	0.00019399984852209
0.000448123722192146	0.000338364759636463
0.000711772124780748	0.000414219682570398
0.000403609083875885	0.00027777111553561
0.000239032550145613	0.000101749055012319
8.83565108141217e-05	4.37660721480811e-05
6.46027487054637e-05	3.16109671342251e-05
7.95623759817514e-05	3.94182166394299e-05
5.93807201539949e-05	2.84609043850146e-05
0.000116174537640709	5.76838877599657e-05
0.000184158087452061	9.29570901760112e-05
0.000263908265478638	0.000120258467080105
0.000372193175396293	0.000138311061458285
0.000698014395325362	0.000292050999314821
0.000228020763696404	0.000340288579274595
0.000155998358402522	0.000103154315355802
0.000140565369978517	6.11151622708165e-05
8.79376161331613e-05	4.35465132142912e-05
6.8036385758645e-05	3.34106693617389e-05
7.1832482018405e-05	5.9327465694089e-05
6.44060215166635e-05	7.07030382171527e-05
0.000113125855567934	5.60859553540719e-05
0.000184807136487277	9.32972819249797e-05
0.000183680269520182	9.24792686536755e-05
0.000188675090980813	9.50764898558669e-05
0.000380850974369657	0.00016504327581437
0.000313895049038099	0.000241339491276212
0.000153090277178824	7.71169868469623e-05
0.000104082236470792	5.16279235384177e-05
7.57001940907241e-05	3.71324061413271e-05
8.08092739818049e-05	3.92844928550077e-05
7.22840632841993e-05	3.56033709316721e-05
6.09758982472969e-05	2.92969990343127e-05
0.000107649738731547	5.32157103293567e-05
0.000183577960282552	9.2653023047472e-05
0.000206024195021724	0.000117904292638529
0.00035197241312128	0.000154282541125348
0.000177090211370201	9.44012689292543e-05
0.0006360776319699	0.000304044625374816
0.000324529307803723	0.0003876114719748
0.0002901491250093	0.000213617995002629
8.92516046598688e-05	4.42352255160914e-05
6.12582640232005e-05	2.98579931188211e-05
8.47715632955479e-05	4.21485535582638e-05
5.58420455809114e-05	2.66061479232841e-05
0.000112261727893012	5.56330325560805e-05
0.000187723349768998	9.48257823045281e-05
0.000186061878981026	9.37275624556596e-05
0.000347464323354805	0.000144161070375352
0.000694940409069855	0.000279269876447902
0.000588276938346207	0.000387370651520913
0.000160208322068013	0.000355391949451006
0.000192997862627382	0.000187023091139994
8.79353802177603e-05	0.000143777085195926
7.39697156308482e-05	0.000123088961006782
8.58285154891988e-05	0.000189187147867738
0.000229137424191852	0.000145007743893344
0.000106549105896851	7.49924695836234e-05
0.000212371380674522	0.000112259263087223
0.000279268738575574	0.000153324303448533
0.000357040770760632	0.000212983382280283
0.000565618909563942	0.000292872485584185
0.000687493011390176	0.00026599859961011
0.000534463545562135	0.000265277512726186
0.000121271897905294	7.30953605617302e-05
0.000114950596939126	4.8932865547694e-05
6.90287242447091e-05	3.39307924138136e-05
0.000111327312856601	5.7066364093122e-05
4.98277009691872e-05	6.89636791465662e-05
0.00011227114847838	5.56379702499047e-05
0.000190821404219452	9.64495926866635e-05
0.000181062426736721	9.11071558136446e-05
0.000188727648625446	9.51040373539434e-05
0.000366490003485144	0.000154952433149615
0.00058101309558129	0.000255171077336486
0.000340354573339458	0.000176439185418603
0.000106266847734862	5.27729629521079e-05
7.47483599046747e-05	3.6633512962367e-05
5.60662736056729e-05	2.7136669759674e-05
8.50346982037735e-05	4.22864727597214e-05
0.00012102658249393	4.60266511779012e-05
0.000112428469666283	5.57204283804291e-05
0.000186686252213159	9.42821992896417e-05
0.000185033035706672	9.31883058295399e-05
0.000476417446437212	0.000185514453741568
0.000363357477011365	0.000316384684935228
0.000449586616930918	0.000306595020576751
0.000489192317311795	0.000446710994712422
0.000114129661922557	0.000194980426447496
8.39092049181374e-05	4.14350668020085e-05
7.37380820304665e-05	3.63991493094077e-05
8.89322736010033e-05	4.43293430502196e-05
6.05600123034074e-05	2.90790170962054e-05
0.000112542577114923	5.57802365157423e-05
0.000320214260571258	0.000134592983078241
0.000375265250712365	0.000196609897716416
0.000246332341500348	0.000108092555081066
0.0002632014866389	0.000104110218372372
0.000488694371281756	0.000440017691334475
0.000417149386051126	0.000445321059347837
0.000132242034328552	0.000122365289005733
8.25126949638404e-05	4.07031018224354e-05
6.66636415945821e-05	3.26911609537138e-05
0.000114688661592726	4.9912311395944e-05
5.82232504140927e-05	2.78542296442315e-05
0.000109617993924214	5.42473491425725e-05
0.000188557068620383	9.52627666598102e-05
0.00018407732420297	9.26873803981582e-05
0.000360596589544291	0.000253508944172947
0.00051731478723456	0.000311025750254028
0.000351460675669308	0.000285075256130801
0.000457668162200976	0.00037443718113215
0.000150815326709019	0.000144184239998846
8.53221861825409e-05	6.19956245152143e-05
6.93150989176915e-05	3.4080892476484e-05
7.87829313679228e-05	3.90096795150908e-05
6.25204862432855e-05	3.01065774533237e-05
0.000115539601892853	5.73510933317697e-05
0.000216390504587477	0.00010361630034512
0.000277217401780493	0.000129533373325226
0.000521093515459304	0.000298056851222428
0.000176368597094526	0.000104768029068215
0.000387181187078116	0.00028636218634498
0.000244022230366376	0.000131867352713356
9.77825957514407e-05	4.83260377364081e-05
8.51224738468529e-05	4.20709880597779e-05
0.000116214465914896	0.000138213092325232
0.000100387507440976	0.000115205136327383
6.55852463656874e-05	3.26627123060573e-05
0.000109687368904956	5.42837112581491e-05
0.000266244227781333	0.000122890334962615
0.000183069732509094	9.21592625488322e-05
0.00018379194511496	9.2624861191487e-05
0.000498879740824063	0.000263053062375089
0.000283462704293305	0.000305694349115165
0.000153333680359573	0.000348703435380768
0.000154673516781951	0.000157287569185228
8.52324426638689e-05	4.21286269778917e-05
7.13455153086626e-05	3.51451123823782e-05
7.93134820807678e-05	3.9287761701684e-05
5.03997837684078e-05	2.3753647628414e-05
0.000114163066635477	5.66295978648407e-05
0.000187811861692001	9.4872174833069e-05
0.000191000354485353	0.000130286617142613
0.000496414125012141	0.000199651646152327
0.000362478198195816	0.000155366824129387
0.000443902019994793	0.000307424193073186
0.000336556938863269	0.000124179793273651
0.000158031109509354	8.70156821044577e-05
8.22199008957186e-05	4.65952661316268e-05
6.9849176626753e-05	3.43608232984598e-05
8.97077009309197e-05	4.4735774560397e-05
5.64646229726844e-05	2.693246485819e-05
0.000196592773257599	8.6829256425134e-05
0.000265575927073245	0.000123045904378034
0.000266379356505823	0.000118507550471069
0.000686844573868736	0.000304183431174177
0.000538402316163285	0.000203829864969228
0.000311943327866031	0.000273567171291384
0.000365175447730662	0.000412707661009494
0.000120306643532631	0.000188979330116606
8.46801918472259e-05	4.18391709260536e-05
6.69470054806666e-05	3.28396829463079e-05
7.37810688395852e-05	3.63880095498197e-05
6.54063445086903e-05	3.16191675926124e-05
0.000148084512004171	8.33337918306739e-05
0.00018448306705556	9.31274245786449e-05
0.000193115501468364	0.000132446384742899
0.000381240819117641	0.000139550666106015
0.000472419938739736	0.000344898024773745
0.000441735376457504	0.000304415723437268
0.000225601487669618	0.000130028112725527
0.000157226844553728	6.88088326630523e-05
0.000125361960257123	5.27190616834567e-05
6.54486320023893e-05	3.2054327346768e-05
6.99607049731259e-05	3.43856088144216e-05
6.21152591212519e-05	2.98941822167633e-05
0.000109453507387561	5.41611353751226e-05
0.000332333567778552	0.000142555537092283
0.000606668885419655	0.000268779043400899
0.00080130117085364	0.000334362364351653
0.000488361881892649	0.000222479337201587
0.000491176392904428	0.000266061122049299
0.000310950073859876	0.000182892963746411
0.000194061054017119	0.000142694886578996
0.00010866682074466	5.09917820959374e-05
0.000130303813258031	5.86647746023846e-05
0.0001351256460726	9.28155072364518e-05
5.74019093778647e-05	2.74237329814935e-05
0.000104498792704051	5.15641774222293e-05
0.000186580124398532	9.42265735897129e-05
0.000181348601335769	9.12571510098135e-05
0.000257286897418527	0.000113794617013124
0.000213519511978846	0.000346531210132672
0.000264967575516052	0.00040460201668848
0.000172195039391248	0.000312507584538956
8.76448620610609e-05	4.30124586883212e-05
7.19058396339633e-05	3.51436379453751e-05
6.66397810837576e-05	7.07276553755998e-05
6.46952402511579e-05	0.000119267474382417
5.31406749585727e-05	2.51902549063273e-05
0.000106557728763617	5.26433455915258e-05
0.000189363106602914	9.56852423991369e-05
0.000182909197327807	9.20751198398381e-05
0.000248158738469851	0.000102893640928462
0.000403297082062206	0.000203645411928104
0.000442274770114757	0.000238481085622676
0.000654121962165425	0.00045770379232337
0.000351411899088821	0.000229079551825823
8.79838630709796e-05	4.35707530263966e-05
7.23024143522486e-05	3.56466602494284e-05
7.39040039664813e-05	3.64524446133654e-05
5.53653817934917e-05	2.63563099623384e-05
0.00011441686994774	5.67626260152699e-05
0.000187773249122571	9.48519364892554e-05
0.000212598181376637	0.00013611085406082
0.000224298430929974	0.000153924737621923
0.000217944825168912	8.6615566771393e-05
0.000501591303438304	0.000242152467266143
0.000387091445659064	0.000170598681212045
0.000307716471942148	0.000199994575373115
9.9002566359838e-05	4.93460823772084e-05
0.000101926385889046	8.45923556527965e-05
8.35943110233707e-05	0.000172790848721067
5.61525157644415e-05	0.000104534344753766
0.000108706862836271	0.000161313889149037
0.000186893140298686	9.43906373518486e-05
0.000260498741735715	0.000119107367930243
0.000519123835279735	0.00030611335704939
0.000553452891952705	0.00024800841494681
0.000524038398404525	0.000282355890491353
0.000533726456344722	0.000239964497702657
0.000121818121110363	6.95345672239973e-05
0.000120057102346816	4.81810615709352e-05
7.35057455340106e-05	3.73229088850798e-05
7.41186578223439e-05	3.65649530167165e-05
6.24591205936114e-05	3.00744133385087e-05
0.000539332598058148	0.00023378729942545
0.000213294071845088	0.000118705902706745
0.000183146170253691	9.21993265326154e-05
0.000338842932861009	0.000143506551812525
0.000658079878604239	0.000279560905520797
0.00051337866742311	0.000371204318955736
0.000253570304196253	0.000325450115916212
0.000164720913987274	0.000204441668701835
0.000138348364377817	5.57586958920047e-05
8.35678029455443e-05	4.10612341245935e-05
6.19331083484512e-05	3.02387241051133e-05
4.66011927855666e-05	2.17626589049846e-05
0.000108723632923656	5.37785798871223e-05
0.00018911966984258	9.55576477602607e-05
0.000182240016734573	9.17243763612466e-05
0.00032762326600724	0.000133152138895532
0.000539037210341178	0.000354864036551371
0.000312559420450732	0.000191099472030293
0.000571424476147725	0.000260833910746837
0.000265939750462618	0.00014525644454533
8.59930416654435e-05	4.25272863866112e-05
6.20417716372058e-05	3.02686598189876e-05
7.89606587623924e-05	3.91028333291845e-05
6.51066197302024e-05	3.14620702223513e-05
0.000112244926666304	5.56242263821422e-05
0.000185037143639259	9.34178375857423e-05
0.000259153609045148	0.000117357902213891
0.000593269248578579	0.000340011604168888
0.000532197585138972	0.000272456212186266
0.000238028282728853	0.000108094676669128
0.000624790822510895	0.000354461419829608
0.00032539195860514	0.000227526245011565
0.000118372214372903	5.21586494654072e-05
9.50477786214914e-05	4.10057566897844e-05
7.76269748258224e-05	3.84037978999096e-05
5.57986949553861e-05	2.65834261806789e-05
0.000112821510590684	5.59264363586142e-05
0.000410266003233047	0.000169443783443573
0.000184901030134915	9.31191165943775e-05
0.000188544163284396	9.50078655769361e-05
0.000540987341258604	0.000289982910672035
0.000568826998133702	0.000416998689977512
0.000467242597211448	0.000370934312964223
0.000328933684830857	0.000127368133801299
8.58530475894561e-05	4.24539100668398e-05
0.000307426537607308	0.000148992149141891
0.000141704984712082	0.000183807214020633
9.10943799529077e-05	7.09490747770493e-05
0.000151493849285415	9.04643359629595e-05
0.000187948994389981	9.49440513937532e-05
0.000182890702213884	9.2065425833975e-05
0.000509218305931936	0.000187831798216091
0.000408359264568551	0.000266960770824298
0.000375932638661812	0.00019874578010948
0.000526586294027863	0.000251072527470947
0.000173552432573512	0.000131607302152045
0.000115443713954106	5.0131240961584e-05
0.000153922851916987	9.08842734325663e-05
0.000132466780323187	6.99224862206201e-05
0.00011973070472425	6.1778970608435e-05
0.000319791682306825	0.00013119275603971
0.000190207332034138	9.61277336600258e-05
0.000339171741679219	0.000183182009539214
0.000229811567826979	0.000142137638066703
0.000492212482661134	0.000282346568933692
0.0003787848767854	0.000251484146720479
0.000508854472926948	0.000430644079711235
0.000146384406949842	8.23042196333012e-05
8.10637177917301e-05	3.99436367409854e-05
0.000119377405006413	0.000114208326916053
6.32149652288289e-05	3.11927060490896e-05
4.81284934482262e-05	2.25631763627413e-05
0.000114544291071813	5.68294123637611e-05
0.000332486449455393	0.000141534224738212
0.000493132333725664	0.000225854279330895
0.000213413546890926	9.675291563006e-05
0.000244526919814703	0.000104892860792068
0.000440924450975378	0.000289949226514442
0.000363902017838366	0.000139770689518291
8.92266747216427e-05	4.38415479964416e-05
7.31561112691698e-05	3.5798953755412e-05
5.95849206009721e-05	4.40590593504918e-05
5.81007976211078e-05	9.78733804205251e-05
4.64542085766545e-05	2.41667930764505e-05
0.000107264038697405	5.30135499962037e-05
0.000189685634759431	9.58542919034174e-05
0.000227906251395091	0.000102998974147913
0.000423465732651413	0.000155356616173923
0.000709392623491249	0.000409592553130031
0.00022604628706505	0.000125244436733112
0.000797623293018258	0.00037610836233094
0.000152538328012439	6.67944351370773e-05
7.69287928770062e-05	3.77763623714546e-05
6.53229004967098e-05	3.19884265927467e-05
6.54650115477763e-05	3.20292416892694e-05
4.82643638405439e-05	2.26343913001153e-05
0.00010911807800168	5.39853238366305e-05
0.00018639551053443	9.4129810310045e-05
0.000183934536606975	9.26125398863064e-05
0.000572573968762751	0.000260400077556672
0.000362755204067527	0.000176873483549771
0.000448726608780123	0.000460212058533497
0.000718219457853081	0.000409292587275659
0.000103993735046938	6.57497011093102e-05
9.04846545174781e-05	4.87301534641696e-05
6.63473246785719e-05	3.25253670012585e-05
6.9911952066206e-05	3.43600555268078e-05
4.77579830290748e-05	2.23689774953782e-05
0.000108440695786399	5.36302815701247e-05
0.000316143251443402	0.000199865483999951
0.000180218190434197	9.06646588546857e-05
0.00035361903700589	0.000159318751030512
0.000345472725026753	0.000140787095015439
0.000434149914261304	0.000260353259921225
0.000153316303836579	9.23270462484856e-05
9.41696587969425e-05	4.64323574830297e-05
6.54083866251672e-05	3.17380710575577e-05
0.000102065871217288	4.6493579222606e-05
6.49762510639092e-05	8.55320661302273e-05
5.60661643630439e-05	2.80134104848434e-05
0.000107194695174536	5.33077432821727e-05
0.000193837498295458	9.80304444607177e-05
0.000179619849289534	9.03510450760063e-05
0.000196966106258219	0.000118562757529238
0.000344700251216886	0.000231030419516446
0.000536438425971313	0.000333421339733182
0.000152661221708513	8.24336553922927e-05
8.30972945921632e-05	4.06289023669091e-05
6.73537742141141e-05	3.2757724073581e-05
5.74994095070713e-05	2.78878318173199e-05
6.76278739672784e-05	3.31628816907883e-05
5.34855364037124e-05	2.53710101525542e-05
0.000104445852406992	5.15364293611888e-05
0.000193453314257283	9.78290787197932e-05
0.000225935303163258	0.000102002332264392
0.000253007857400005	0.000109302220288637
0.0005466708116584	0.000272326663442696
0.000705438226934419	0.000241562779752238
0.000632935941206858	0.000402802288787192
0.000232956960507187	0.000127006378454458
7.77940874290547e-05	3.82298967749626e-05
5.60419892646703e-05	2.71239413955752e-05
7.89084315880172e-05	3.9075459043375e-05
5.24137959993577e-05	2.48092694784061e-05
0.00010298437427669	5.07704120431585e-05
0.000192217040552439	9.71810997674567e-05
0.000332751041196	0.000141086333716602
0.000280927466912716	0.000114495905830994
