Porquesa	Piga	Chaquina	Guañare	Collacagua	Batea	Sillillica Norte	Diablo Marca	Columtucsa	Sillillica	Chilin Chilin1	Chilin Chilin2	CC3	CC4	Rinconada1	Rinconada2	Rinconada3	Rinconada4	Rinconada5	CC5	Laguna
0.000127263307509675	0.000130083472373525	0.000226283603793854	0.000134754428241842	0.000171829147220282	0.00025171925286034	0.000197198028107864	9.06068736679462e-05	0.000117447769158049	0.000119419709611706	8.2816497256875e-05	6.71447409159347e-05	5.85312164642367e-05	6.42531895961447e-05	5.73960239163192e-05	0.000101398039349514	4.60066596848677e-05	0.000110114073992911	8.02228353632692e-05	6.65327040241131e-05	1.26770006978496e-05
8.24130609661697e-05	2.60523895266737e-05	-0.000145535970079906	0.00014236832562584	2.59130630187135e-05	3.13928306396684e-05	5.82223587407296e-05	2.48908186958853e-05	5.08424638763798e-05	1.50000498587718e-05	4.45739564475869e-05	5.96867466644485e-05	5.96867466644485e-05	5.96867466644485e-05	5.87912319778529e-05	4.30129723257685e-05	1.95092927855405e-05	4.01267623797462e-05	5.08008723639601e-05	5.96867466644485e-05	0
8.58241306906351e-05	3.32001887621581e-05	0.000470862846739021	0.00014234940216926	2.89872930491644e-05	3.62946856608676e-05	6.77888420806956e-05	2.80790490886687e-05	5.4570769775871e-05	1.72872577153929e-05	4.420419716691e-05	5.94656267752636e-05	5.83667345499137e-05	5.90808879735651e-05	5.74152897113917e-05	4.49898028688764e-05	1.94616937230764e-05	4.38570333749214e-05	5.15926771869955e-05	5.93596154009729e-05	0
8.93955612202091e-05	4.04739397874168e-05	0.00047319021352188	0.000142853207943525	3.74555143376419e-05	4.69115448001444e-05	9.45026323983454e-05	3.48992596764792e-05	6.41534066506117e-05	2.17240165913589e-05	4.58269173445502e-05	6.24093431713812e-05	5.8124675579963e-05	6.08942859423321e-05	5.69709820676017e-05	5.08327608395287e-05	2.04540149142942e-05	5.17808309143198e-05	5.64627403992792e-05	6.20509729821897e-05	0
6.71644506583535e-05	2.67096858102433e-05	0.000417467098279566	0.000121461096941161	3.27279401273494e-05	3.40408217889504e-05	8.38737368282471e-05	3.06307708454391e-05	5.71586033644285e-05	1.87037324038388e-05	4.1930175421778e-05	5.71533119006681e-05	5.65907737183002e-05	5.5688849186694e-05	5.54453980114409e-05	4.54372932674174e-05	1.87787038091058e-05	4.62828238338369e-05	5.02170686997529e-05	5.68093198344764e-05	0
3.88268571746847e-05	1.03601552584005e-05	0.000275414049001548	5.15254280330566e-05	1.62478385331288e-05	1.54063666921669e-05	4.14353798283354e-05	1.58651407251881e-05	4.43904937866645e-05	7.91612795988141e-06	3.66866523370447e-05	4.8180229738554e-05	4.79559662340534e-05	4.87255319281697e-05	4.69907415208926e-05	3.55764309344449e-05	1.58580711845969e-05	2.63951144520342e-05	4.2253791635981e-05	4.78903738947932e-05	0
4.7562493112866e-06	3.80972286090886e-07	5.18916819661385e-05	9.25411883704742e-06	3.76869525044969e-06	1.29421392721051e-06	9.14959532086872e-06	4.36799533264918e-06	6.66579068236257e-06	7.96036611864234e-07	1.6503737671967e-05	1.8784402616827e-05	3.27839428984273e-05	2.19141446095128e-05	3.21321265120254e-05	8.28928284685158e-06	5.31799948221456e-06	5.69512159256896e-06	1.26047849484937e-05	2.05264883203877e-05	0
1.14317256158555e-06	1.71559613177029e-07	2.56902075938242e-05	4.43652934215983e-06	1.64606078492401e-06	4.06145448047692e-07	6.05229579509791e-06	2.03026725315553e-06	2.255473243398e-06	7.53171516545777e-07	6.78502757146754e-06	3.68344182015743e-06	1.68555776076524e-05	8.99727503084932e-06	1.816421228302e-05	2.73835186918046e-06	1.61726295476491e-06	2.70365200089091e-06	4.02684921587644e-06	3.65579932203509e-06	0
1.51710706422734e-05	2.87798042108783e-06	9.30980789141091e-05	8.82272957908095e-06	6.74495401639581e-06	4.6570672201868e-06	1.70685688811278e-05	5.94503089558094e-06	1.9009238787155e-05	1.56714031023134e-06	2.56157710572669e-05	3.34013064872015e-05	3.80836608657825e-05	3.39734083662094e-05	3.72330321835078e-05	1.71713927449157e-05	1.11165451830573e-05	9.34202109087103e-06	2.76806982434716e-05	3.31382195937577e-05	0
3.22902934294759e-05	7.26343249132556e-06	0.000214690654627414	2.72724322985056e-05	1.21441535887398e-05	9.94933062537245e-06	2.89720779076512e-05	1.11715154863925e-05	3.58574735989467e-05	3.96792295058471e-06	3.40109015668203e-05	4.31405715801632e-05	4.49675233476348e-05	4.51106378831792e-05	4.5567465016346e-05	3.28204316828796e-05	1.43170635118235e-05	2.13261431721685e-05	3.67100371859445e-05	4.28008999389735e-05	0
6.61826499547121e-05	2.71129821099593e-05	0.000386153868179878	0.00011309136591897	3.2204840660025e-05	3.42421910229612e-05	7.9020572717101e-05	3.1288107095949e-05	5.72642676667555e-05	1.72254180455213e-05	4.08856060950071e-05	5.64339301577015e-05	5.00017647505232e-05	5.42311459187896e-05	4.88099957450677e-05	4.64496422846734e-05	1.8423178563456e-05	4.79064871960684e-05	5.19703852829525e-05	5.59897950190654e-05	0
7.34819015427057e-05	3.37998570348586e-05	0.000400236953565669	0.00011336423564317	3.27404550321689e-05	3.91433748313165e-05	8.36736805395724e-05	3.21477237643247e-05	6.1060211026788e-05	1.92204973937742e-05	4.07021676737565e-05	5.61291052910059e-05	4.99147226961062e-05	5.40009936193288e-05	4.87383549957357e-05	4.74865781909436e-05	1.83207258843598e-05	4.75277894545215e-05	5.19084174974325e-05	5.57000277141779e-05	0
7.21926890953801e-05	3.59528207016671e-05	0.000398946327104528	0.000128054640822848	3.5573865569719e-05	4.1244409257015e-05	9.8946216308818e-05	3.74115980879352e-05	6.36525519022703e-05	1.99310545478308e-05	4.10194388871741e-05	5.64924829369513e-05	5.05073783945951e-05	5.44429729519443e-05	4.93183970264611e-05	4.70281100127854e-05	1.83549477300823e-05	4.83133640510236e-05	5.29170812900046e-05	5.60792669600788e-05	0
8.84371876094849e-05	4.91425243090326e-05	0.000400948494433207	0.00014288640304118	3.85107970510806e-05	5.28871947697455e-05	0.00012209904602889	4.16766637490227e-05	6.47187877337465e-05	2.36251085274621e-05	4.15379333432661e-05	5.71274718401449e-05	5.13613557396405e-05	5.51530311837204e-05	5.01844838881347e-05	4.78139818141306e-05	1.86068622958793e-05	5.22242145816396e-05	5.40984089509559e-05	5.67294081565016e-05	0
9.51458679909266e-05	5.6377829432733e-05	0.000416237169482621	0.000148829446872002	4.83006303129212e-05	6.81159413523431e-05	0.000148253964066852	4.7843100309675e-05	7.18783559325282e-05	2.43009915879362e-05	4.40806652803e-05	6.04752085362997e-05	5.49105102201257e-05	5.8569822223126e-05	5.36487195198514e-05	4.92964304321241e-05	1.95021153566886e-05	5.32695649401065e-05	5.84379530604239e-05	6.0091124163346e-05	0
9.6282910708991e-05	5.87190682028521e-05	0.000407642950280307	0.000149642478418381	5.03581655269855e-05	7.05242739300191e-05	0.000164951156230556	4.9897613140171e-05	7.48565905025199e-05	2.52822865453142e-05	4.45454283006011e-05	6.14079503127016e-05	5.46495356989272e-05	5.90694362691967e-05	5.33118724690026e-05	5.07046909422906e-05	1.98309264611872e-05	5.46846257157918e-05	6.03785541038996e-05	6.09246763568768e-05	3.58136459556502e-21
5.82014944609952e-05	3.02225919876479e-05	0.000286366920858189	8.23143043888244e-05	3.37672808046458e-05	4.54781251127538e-05	0.000123711494678836	3.55455437785354e-05	5.51210237039465e-05	1.45913991112297e-05	4.32494720174746e-05	5.78898959917907e-05	5.24722342226231e-05	5.72722038365563e-05	5.11199745976338e-05	3.9459912597386e-05	1.871695050346e-05	3.74664711170545e-05	5.60578029738678e-05	5.73646076707779e-05	0
3.11481233546732e-05	1.23265378310571e-05	0.000196481036115682	4.18712782939556e-05	2.24499766917126e-05	2.73253393256802e-05	8.88479348499987e-05	2.39070213297507e-05	3.6871826137966e-05	5.8551776966091e-06	3.39096414315008e-05	4.33126207656448e-05	4.75905024831486e-05	4.48907754443795e-05	4.63700847008397e-05	2.69709763679839e-05	1.41441947602854e-05	2.06811900155326e-05	4.28551259903382e-05	4.29056814407996e-05	0
1.49365804894141e-06	0	2.54251552939415e-05	2.848504878651e-10	3.09785259177024e-06	5.14022288778037e-06	2.71416564776761e-05	4.04366272810358e-06	4.05061382589616e-06	2.79030552658059e-08	6.90481003102682e-06	9.60285199884296e-06	1.66195011231984e-05	9.13411538398073e-06	1.94181472780919e-05	2.60711703645677e-06	2.68992377748392e-06	7.92021012996129e-07	7.82096654015666e-06	9.50912136827482e-06	0
1.48289910697708e-06	0	3.50421780611853e-05	3.82660590176038e-10	3.91885632174629e-06	5.19803491048675e-06	2.90832493285282e-05	4.24049888805565e-06	4.08551718047772e-06	3.749841333469e-08	9.30251284929929e-06	1.10952190203619e-05	2.22605623378421e-05	1.23059935151156e-05	2.1635165654954e-05	2.58499936422137e-06	3.14988713881099e-06	1.13364266528202e-06	9.05810397962217e-06	1.09869288000026e-05	0
1.3027216433241e-06	0	1.25364517885755e-05	1.35664259720996e-10	1.31260425465249e-06	2.2594461185158e-06	1.24541558857774e-05	1.92847036001354e-06	9.18998033434304e-07	1.32987741367569e-08	3.96655716444857e-06	5.52383110037494e-06	7.87244890073168e-06	5.24838581195071e-06	9.18468377613883e-06	1.97751409966084e-06	1.87378479686922e-06	4.66720094242507e-07	4.61129151554815e-06	5.46992095117805e-06	0
2.01218239814858e-05	7.71367588547957e-06	0.000142854913470934	2.86545407301346e-05	1.6136644679913e-05	1.71403751149848e-05	5.69367364503232e-05	1.66473652244199e-05	2.70464575626522e-05	5.28521380325542e-06	2.56773577516869e-05	3.57710754634638e-05	3.37373389913414e-05	3.39876437825534e-05	3.27603123429502e-05	2.36083771283297e-05	1.1040303005353e-05	1.74287780954848e-05	3.15619443971909e-05	3.54220106005607e-05	0
2.63877935832623e-05	1.1776702972734e-05	0.000175566402782921	5.05184782472735e-05	2.14595628709987e-05	2.25102901006389e-05	7.99495653477415e-05	2.22598475303512e-05	3.10671521131784e-05	7.6007806272814e-06	2.69081032982369e-05	3.57142621989886e-05	4.24328691196279e-05	3.5611394081121e-05	4.11966536469801e-05	2.30607130541314e-05	1.11387369989632e-05	2.21491712638629e-05	3.56350682754591e-05	3.53658345396018e-05	0
5.63965898959435e-05	3.38242312573567e-05	0.000256975323706847	9.38262575932593e-05	3.30922899463318e-05	4.41721482666584e-05	0.000112395405018372	3.48579661858e-05	5.16314048764549e-05	1.54093613317742e-05	3.35537153847063e-05	4.50203233555676e-05	4.25310545890407e-05	4.44139094742804e-05	4.1287299292458e-05	3.54338447836339e-05	1.4049708735192e-05	3.5970381273245e-05	4.40762037797247e-05	4.45812242764285e-05	0
6.8532658470762e-05	3.9369138090791e-05	0.000292619423064609	0.000107260235738206	3.8041613027889e-05	4.86425722874747e-05	0.000127756722548748	3.92446699612234e-05	6.19855880769093e-05	1.86398189014515e-05	3.75688331480732e-05	5.07912034882425e-05	4.41743447281784e-05	4.97309404936334e-05	4.42404679069659e-05	4.36528880610659e-05	1.64663102784961e-05	4.2229299191892e-05	4.99249070335396e-05	5.02959658695441e-05	0
0.000102641264912509	7.41943117241624e-05	0.000373045229704551	0.000154734443955788	5.66464018601538e-05	8.12560745804921e-05	0.000171493119559155	5.72857385355176e-05	8.53798449769846e-05	2.9775478443292e-05	4.40966623565157e-05	6.1930769279337e-05	5.0428200227606e-05	5.81437964549263e-05	4.8747135089499e-05	5.60299612765669e-05	2.00796662034102e-05	6.30885719950704e-05	6.34022898891973e-05	6.1207426153002e-05	0
9.82241697002119e-05	7.8680885098678e-05	0.000351589240030265	0.000135654409765958	6.54154904099647e-05	9.77607201689714e-05	0.000200597091268396	5.89954168799645e-05	8.71193406746572e-05	2.89313916080934e-05	4.97459637124308e-05	7.02871811886507e-05	5.55629165284805e-05	6.53168723768759e-05	5.35595923530957e-05	5.58472703334015e-05	2.26709719338397e-05	5.97986991737538e-05	7.06309205026831e-05	6.93128884709148e-05	0
8.76978840330271e-05	6.47532006038381e-05	0.000350626534007819	0.000111173692749065	6.34099282155944e-05	8.39008119986535e-05	0.000191506696160848	5.36766315383718e-05	9.27053811847726e-05	2.30505807372225e-05	5.09141386503886e-05	7.1854937803625e-05	5.67873455917325e-05	6.6863231995471e-05	5.46753721658356e-05	5.74932509093235e-05	2.31382533248373e-05	5.91363568950206e-05	7.46703945513934e-05	7.08735280895869e-05	0
6.33682218886571e-05	4.2369410551266e-05	0.000260067384903505	7.75490833392678e-05	4.48452622540377e-05	5.81911280024306e-05	0.000142835482916314	3.82044940549179e-05	7.00270564653244e-05	1.68147375863399e-05	3.70994426748698e-05	5.23281309126848e-05	4.14248801301627e-05	4.87321456016256e-05	3.98795992663924e-05	4.35943005937485e-05	1.68424885046679e-05	4.36747521722729e-05	5.46912004903786e-05	5.16211099362394e-05	0
3.5183672886767e-07	0	9.7356562414358e-06	6.71317783034196e-11	1.85750656494869e-06	3.3324000427198e-06	1.04090903824883e-05	2.2927276971363e-06	1.47269485008649e-06	6.74121139730477e-09	4.61867709651437e-06	6.51447051850967e-06	5.15735778575619e-06	6.06689112884917e-06	4.96456336851152e-06	1.57596986390453e-07	2.09487308629418e-06	1.9681547277078e-07	6.77722727049631e-06	6.42646703795168e-06	0
1.67007737933594e-06	0	3.46844514663834e-06	2.30874655748986e-11	6.40234123671239e-07	1.1476554292873e-06	3.71695515898719e-06	8.08514848257467e-07	5.14423327639356e-07	2.31887459568564e-09	1.58887934980407e-06	2.24105123725992e-06	1.77419988668277e-06	2.08708213357867e-06	1.70787235135279e-06	2.04816217529951e-06	7.20639108565261e-07	6.76029235072424e-08	2.3313136778889e-06	2.21077719850124e-06	0
5.19334556892134e-06	9.82401996241373e-07	4.13443313481727e-05	4.97558839545402e-06	7.79189653180373e-06	9.74520657082745e-06	3.45339675322619e-05	7.22677118177331e-06	8.69475838145053e-06	2.23656708694463e-08	1.07301411483383e-05	1.29770962328211e-05	1.70873928851202e-05	1.40918006434784e-05	1.64514363535252e-05	6.30377287987276e-06	4.23600130975072e-06	2.77348143293675e-06	1.47552043890607e-05	1.28017964662248e-05	0
4.91480075349679e-06	0	3.14020214951001e-05	2.20937995288325e-10	6.2927214581601e-06	9.71409926562835e-06	3.67614757431533e-05	5.19454502345206e-06	7.96056954385558e-06	2.22009077002145e-08	1.0656935535414e-05	1.29028024566797e-05	1.69112962269386e-05	1.39956823408527e-05	1.62817805187123e-05	6.33327891833709e-06	3.53363371770644e-06	6.40973044110893e-07	1.06557229033447e-05	1.27285168092172e-05	0
1.38143058005334e-05	2.61687001622249e-08	7.16142516304605e-05	3.16918832783785e-10	9.58985962471076e-06	1.58240556268256e-05	4.93771297679577e-05	1.03702759752444e-05	1.75773137172245e-05	3.18554435417617e-08	2.02544896316605e-05	2.86308648642857e-05	2.41802715418523e-05	2.66045317567155e-05	2.32788574225828e-05	1.66090876820479e-05	9.2383978958645e-06	5.23728145079931e-06	2.83085168276586e-05	2.82441707163819e-05	0
1.60060429247731e-05	1.07642960732161e-05	6.30726100206318e-05	1.98772463832639e-05	1.16198565800842e-05	1.87911107317475e-05	4.90539379285642e-05	1.22163758585616e-05	1.4970068129537e-05	4.31779395349027e-06	1.34137382859987e-05	1.89615356515708e-05	1.48625341424622e-05	1.7619769829367e-05	1.58867381977964e-05	1.0007194538034e-05	6.11293344743962e-06	9.03199925287356e-06	2.0220077054568e-05	1.87054699606895e-05	0
1.93938806295907e-05	1.10818473309046e-05	7.85062464526013e-05	2.04936405973581e-05	1.55859208417939e-05	2.47431015015632e-05	7.35284367421352e-05	1.42035777528229e-05	2.38091984946981e-05	4.46012422700233e-06	1.526432019072e-05	1.94260696156553e-05	2.52949804278241e-05	2.00458923327332e-05	2.59394255876128e-05	1.45903161790394e-05	6.38344716666387e-06	9.6119708611609e-06	2.09616054819288e-05	1.91637551752627e-05	0
5.09677220130355e-05	2.83809569978492e-05	0.000275178835659194	6.90093605116218e-05	4.24396395500791e-05	4.3853754033676e-05	0.000119166690850921	3.77944741429213e-05	7.23359009630415e-05	1.28961659989539e-05	4.05600545787255e-05	5.53769886962984e-05	4.78301693879569e-05	5.3276474294353e-05	4.59397935741145e-05	4.60918375243437e-05	1.78544452365126e-05	3.94350636339373e-05	5.86736511771138e-05	5.46293623178348e-05	0
0.000102004413310735	8.12192527404885e-05	0.00034223344016838	0.000146868517736708	6.51517165454611e-05	9.25127564909497e-05	0.000212373614930269	6.20873062671797e-05	9.3419153027096e-05	3.17948506963727e-05	4.61387975573909e-05	6.5517362954505e-05	5.01718456588405e-05	6.05199521081102e-05	4.81457950614532e-05	6.00074897329721e-05	2.10837548821241e-05	6.59936336067186e-05	6.87429624839087e-05	6.45814465101568e-05	0
0.000136319339267364	0.000122414889277858	0.000380782931129672	0.000161957574569698	0.000118534278537585	0.00016272671615201	0.000237210380556554	8.70302193484016e-05	0.000133756453894648	9.70786826004276e-05	9.04537132687918e-05	8.45117366700894e-05	6.70158230317029e-05	7.89025518398847e-05	6.50175587079161e-05	0.000108895637161378	5.44536981673583e-05	0.000118030307956976	9.58751949042555e-05	8.34484167631205e-05	9.63857519269976e-06
0.000136706865845165	0.000130616906108431	0.000384047364497759	0.00015609273091517	0.000202045762944477	0.000278638016733443	0.000244299854749231	9.64992063365135e-05	0.000149071863114746	0.000133349723244886	0.000107500889191996	9.22455275623201e-05	7.66844197920672e-05	8.66322853008056e-05	7.44332792675661e-05	0.000127873335814843	5.44373357702065e-05	0.000143406019114613	0.000105780910607884	9.11809227937194e-05	5.03791269137496e-06
9.19786899597704e-05	7.81371107427858e-05	0.000259224569501563	9.27247953554572e-05	0.000189705766965242	0.000279825920870404	0.000219203414016948	7.4106698751957e-05	0.000102515092427635	0.000109047796812431	0.000102434999517753	8.62495441324495e-05	7.42154496855508e-05	8.37494897572438e-05	7.20325812476648e-05	9.51017992978194e-05	5.10694490204127e-05	9.95579942016445e-05	8.87457144612354e-05	8.52546040440029e-05	4.92564656546005e-06
4.86222757169355e-05	2.01573849347605e-05	0.000156772154003928	2.54905689247082e-05	0.000140380250036788	0.000210220998105236	0.000134870616191514	4.35599598684606e-05	5.83448373841604e-05	7.37646270093769e-05	8.22719084333422e-05	6.43910701756917e-05	6.2859401575474e-05	6.29992156493426e-05	6.10380842540861e-05	7.1714422194851e-05	4.06489929488549e-05	6.95066567872463e-05	6.26262231945884e-05	6.36485362309701e-05	4.50898324032162e-06
4.1908242643537e-05	2.06269203855527e-05	0.000133363734935617	1.3144524956245e-05	0.000116721554586919	0.000184260325752259	0.000117853512736047	3.43627528280839e-05	5.4196032091849e-05	5.60253115524668e-05	6.9586117393511e-05	5.09686350869388e-05	5.19338035338894e-05	5.30102028499604e-05	5.25930938170192e-05	6.77608870928994e-05	3.41925513168585e-05	5.81101731081993e-05	5.47182200628119e-05	5.03810215902471e-05	3.95462177749449e-06
4.93918175255087e-05	9.57804824384716e-06	0.000134192343963892	1.27041733293326e-05	0.000120228434355705	0.000172612521258377	0.000109049792255523	3.67263482340809e-05	5.88427171689837e-05	6.63132577046062e-05	7.28008575463651e-05	6.43382476498899e-05	5.32684466305785e-05	6.01575350024077e-05	5.16480254619742e-05	6.97609746660631e-05	3.64991656601767e-05	5.82510346874447e-05	6.0844107395851e-05	6.35966567417862e-05	3.75380914041145e-06
6.54720668614263e-05	3.15293999472007e-05	0.000175645581154309	3.79901669581473e-05	0.000145393502899242	0.000207281152564506	0.000141862206261731	4.95067234762045e-05	8.27849893752598e-05	7.37001541258983e-05	8.0666400337177e-05	7.03727355005407e-05	6.20839868738408e-05	6.5801829330451e-05	6.21462420956945e-05	8.27689985967019e-05	4.04299172866101e-05	6.57760329882757e-05	7.17906240138601e-05	6.95617910628097e-05	4.38159372268094e-06
5.07350306468653e-05	3.02675559497185e-05	0.000170269462259406	3.97542950398004e-05	0.000128282098608565	0.000188239814330131	0.000135248766739838	4.21615451552567e-05	6.1200454694427e-05	6.27237553477483e-05	7.18464024797208e-05	5.90086972952003e-05	5.69371652418432e-05	5.75095507743911e-05	5.51114068108098e-05	7.19164271384127e-05	3.61985870594962e-05	6.72209376633438e-05	5.64258688143829e-05	5.83073653427412e-05	4.18173251377316e-06
8.30896161695325e-05	5.68293057823239e-05	0.000220045314385188	5.67890013249128e-05	0.000154733615837247	0.00021246135745285	0.000159082981905244	5.90949242621466e-05	9.39492945040687e-05	8.20295311502216e-05	8.26693377431393e-05	7.66009294747479e-05	6.37494606108754e-05	7.13729615648816e-05	6.16477967571847e-05	8.81886389100078e-05	4.10987998969921e-05	8.18322475268185e-05	8.12244711351805e-05	7.56760614917822e-05	4.32203231832092e-06
0.000123769248954399	0.00012066743533675	0.000286062689477229	0.000141777604039338	0.000170070604203498	0.000241235575471914	0.000222612196456857	8.33487855103995e-05	0.000119318398289037	9.75609744683471e-05	8.11061112413256e-05	7.65700340075533e-05	6.17023476703599e-05	7.13463893530531e-05	5.96649551133047e-05	0.000101280243686513	4.01893964871292e-05	0.000107440700670209	8.45900163008057e-05	7.56457434919236e-05	4.22572365628631e-06
0.000159742148168155	0.000171904516787103	0.000342879242610723	0.000189765153614889	0.000180833178532782	0.000266505102201379	0.000270874272800584	9.8748396348366e-05	0.000138985378182888	0.000107703979106808	7.95238547918026e-05	7.64694609807096e-05	5.95980448964102e-05	7.12481161107856e-05	5.76270127510525e-05	0.000107055587217432	4.00687791904394e-05	0.00012636256396633	8.97282843404306e-05	7.55451486451709e-05	4.12298062817896e-06
0.000186474605270381	0.000210875184792563	0.000351850298716686	0.000217905460859391	0.000213772713800387	0.000306486706058114	0.000282459381562127	0.000120557200964121	0.00016137287238507	0.000152656437353397	0.000109283191930132	8.85422482911061e-05	7.14065938321807e-05	8.32137134551255e-05	6.95973793671076e-05	0.000138540057056245	6.2738138610849e-05	0.000159807077681041	0.00010745581666903	8.75800659970787e-05	1.23180727561588e-05
0.00022700464773626	0.000270021853443112	0.000401292203005475	0.000251464442447956	0.000289846292712111	0.000436322263414061	0.000343533942588462	0.000141982125959122	0.000193960927571425	0.000229416463927578	0.000132382600526254	0.000102469800191759	8.41734858141136e-05	9.68681512229896e-05	8.2122714908436e-05	0.000166943929160662	6.4812857094267e-05	0.000195485547640141	0.000124053532431774	0.000101420120735117	1.20873458928514e-05
0.000227123141817931	0.000269854483240039	0.000400554421994448	0.000253824365973364	0.000305830747270156	0.000461244578641906	0.000361863884878998	0.000144328550992773	0.000196997832151179	0.000218658620219492	0.000127794422770366	0.000105608155318902	8.6908775506283e-05	9.99068411155654e-05	8.47382596740567e-05	0.000165367291194653	6.48348917238804e-05	0.000192931342968532	0.000127057073564195	0.000104536123542769	1.23508636672471e-05
0.000221390945587685	0.000258974361744611	0.000401503464824585	0.000247430100249703	0.000307173290396131	0.000461962955974813	0.000369050271004324	0.000144281859607789	0.000199691903358759	0.000202258474848727	0.000124992369671701	0.000107369526648428	8.82953845561518e-05	0.00010154455009269	8.60032569955184e-05	0.000162828528303017	6.23069777353913e-05	0.000189493110190345	0.000128483751020068	0.000106267449298466	1.13619460216781e-05
9.75383215682775e-05	5.66210658159953e-05	0.000225941631595078	6.30012340337278e-05	0.000241474623235388	0.000353491003581057	0.00020677179983898	8.57731744969001e-05	0.000114842198409049	0.000153803537188347	0.000119667890914211	0.000100490567273275	8.52643555754444e-05	9.80520365876962e-05	8.30443026566462e-05	0.000115009397158765	5.76278804638628e-05	0.000113191411630675	0.000105947597436175	0.000102610279835928	1.10856519769231e-05
7.40272764455778e-05	3.45839289092282e-05	0.000176775811590883	3.24105328985968e-05	0.000183986470796765	0.000289279594056051	0.000164401225257151	5.98206557888077e-05	8.33383872037357e-05	0.000109025394659534	9.51394412284588e-05	7.16354209331347e-05	6.6764453431152e-05	7.07107982041722e-05	6.51409020598091e-05	9.36136256175444e-05	4.50834615877306e-05	8.8992284207968e-05	7.75308277090156e-05	7.08199826799584e-05	1.04929994228362e-05
8.31226090904406e-05	4.31755115541244e-05	0.00017824382068699	3.90748471541411e-05	0.000187375278714629	0.00029038815707943	0.000168409487745139	6.61801068051502e-05	0.000101070577828212	0.000106050859293051	8.96722505964627e-05	7.07775079960913e-05	6.54015434753471e-05	6.9654793056374e-05	6.61428848233243e-05	9.81043599211207e-05	4.44905652463348e-05	8.93981115455199e-05	8.37756430173967e-05	6.99719696641494e-05	9.6021193808574e-06
9.57734994568436e-05	6.74688731207357e-05	0.000211094278459792	4.67032083442848e-05	0.000209242169263755	0.00030272677264985	0.000175451317871423	7.52589821603332e-05	0.000118563078227096	0.00011521404696903	9.28493283202618e-05	8.09165421092978e-05	7.08458049307043e-05	7.6272242889452e-05	6.89024285107944e-05	0.000107724686602544	4.66167809344902e-05	0.000100088973819025	9.09419544771202e-05	7.99957477806052e-05	9.3965172336028e-06
0.000140929338618078	0.000143111541202413	0.000276644966564328	0.000135545484736574	0.000235470058888449	0.000351309378101575	0.000244640490096489	0.000104229499012812	0.000152334156626087	0.000142335428757343	0.000101033993366465	9.01153232049118e-05	7.33798754203002e-05	8.49444167565181e-05	7.13828762872908e-05	0.000125013517479143	5.05654772494888e-05	0.000132094194461142	9.85141010214335e-05	8.90899964345064e-05	1.01493109166903e-05
0.000184155682217063	0.00020920005433013	0.000346693890993101	0.000197528916024248	0.000251578201305138	0.000373808742450267	0.000299254360969488	0.000121286265838899	0.000177483742887408	0.000153212959090339	9.88841464749016e-05	8.99778921461006e-05	7.32722366901642e-05	8.48161143065491e-05	7.12506949178269e-05	0.000136215907097072	4.93475882175274e-05	0.000161847799042372	0.000108624008443191	8.89542375924008e-05	9.90252302612023e-06
0.00020104400966666	0.00023590882768845	0.000333952706375471	0.000238349673951055	0.000251154102849406	0.000378360039072677	0.000324437921817995	0.000128838839961073	0.000172379171611369	0.000154784792018666	9.49415055424434e-05	8.70769856260605e-05	7.09133944033416e-05	8.20825865060034e-05	6.89515305779663e-05	0.00013132420281176	4.73659014020152e-05	0.000155962779781688	0.000105054955108405	8.60863868061197e-05	9.68184805000905e-06
0.000195262331343517	0.000227742189443996	0.000321057485552317	0.000232667332130743	0.000242022456219228	0.000364301279113403	0.000313046360114484	0.000125047343479115	0.000167085033691605	0.000147433322109252	9.09793946498502e-05	8.40975195444916e-05	6.84896362649556e-05	7.92746887371998e-05	6.65896010206061e-05	0.000126353773696947	4.53762883451078e-05	0.000149991580961279	0.000101399181649363	8.31408146804656e-05	9.44643335787527e-06
0.000219394543201777	0.000265481195910061	0.000337906712802656	0.000250738944418633	0.000270458992749177	0.000403960617426843	0.000327990554575472	0.000140397589204694	0.000185129648353717	0.000187379416695549	0.000114273560189792	9.11733448409067e-05	7.3551673499287e-05	8.57134876542144e-05	7.17344059870334e-05	0.000150612139698025	6.04209582903875e-05	0.00017805065275593	0.000114863797582424	9.00808710121514e-05	1.51119435902057e-05
0.000229312064929266	0.00027437257760237	0.000352163039796909	0.00025548604576349	0.000318590029024431	0.000483012660543805	0.0003552967631838	0.000149281624368866	0.000201187637726998	0.000220200872188378	0.000120979950187776	9.74536240022625e-05	7.84064128801098e-05	9.15404137552804e-05	7.64775514955105e-05	0.000161647349595448	5.99139414017114e-05	0.000186538200529168	0.000124466155115854	9.62642579116553e-05	1.48154227773774e-05
0.000231809865665954	0.000280581840423345	0.00035841286881863	0.000261885617455914	0.000325546362024636	0.00049590255280926	0.000375848729042247	0.000151567712410097	0.000200973808002418	0.000204125731017789	0.000117255501394719	9.70113684634685e-05	7.76828600411506e-05	9.10087939059128e-05	7.56921892044928e-05	0.000158062800349057	5.76682013602371e-05	0.00018545258619531	0.000123410545794569	9.58012712026353e-05	1.4188102039956e-05
0.000223058009163092	0.000267244059821316	0.000346345162482441	0.000255902556920398	0.00031507928305921	0.000478967782611407	0.000367658767593399	0.000148046241842408	0.000196460217606533	0.000194590922107131	0.000112797303951925	9.4464072334144e-05	7.53836827654745e-05	8.85369126605457e-05	7.34168004308205e-05	0.000153066983076161	5.54767738525962e-05	0.000179521186459984	0.000119947795788647	9.32680652457717e-05	1.38552574956704e-05
0.00011811930498847	0.000109560189862177	0.000202608510969309	9.43945015748308e-05	0.000218048703032978	0.000358982552955478	0.000225007384614361	8.57654598779216e-05	0.000127444038781228	0.000122411081307077	8.79926197098636e-05	6.8725762631873e-05	5.70997403262184e-05	6.4414033878271e-05	5.78762403844645e-05	0.00011305897255812	4.3800403565611e-05	0.000106820403355052	8.56789554746966e-05	6.78556374276711e-05	1.22651578298516e-05
0.000152374700255952	0.000120777335103371	0.000254521957950979	0.0001287993121309	0.000271700753950298	0.000396080247877737	0.000236659626712764	0.000114035019749729	0.000158582525607444	0.000154669066287116	0.000104351827383751	8.90909520418167e-05	7.10195315165186e-05	8.35018740922532e-05	6.90712715462666e-05	0.000137796922838231	5.13400955401712e-05	0.000134080045420766	0.00011303985927341	8.79629356414493e-05	1.32477691252632e-05
7.10302798781284e-05	4.84408060452448e-05	0.000153609427994404	4.6366082665089e-05	0.000191809690220228	0.000296143878735658	0.000157679948164246	6.69860404509867e-05	9.03025720159567e-05	9.74371598935667e-05	7.93351546038982e-05	6.21543048252956e-05	5.37970806224958e-05	5.82551954998925e-05	5.24139217926747e-05	8.6797518426656e-05	3.96279277975461e-05	8.39495526645028e-05	7.46694673758792e-05	6.13672864974998e-05	1.17273978878962e-05
0.00010677289856024	7.4276526851395e-05	0.000191728140865637	7.68182721770233e-05	0.000237225466943972	0.000344765402115215	0.000206476473643398	8.51684009765523e-05	0.000120308318520517	0.000127547377279362	9.27407704461594e-05	7.35780644377771e-05	6.68054219162298e-05	7.62202069611928e-05	6.495585625813e-05	0.000105734453825603	4.33937601860957e-05	0.000105585168630407	8.57802915995966e-05	7.5197815841634e-05	1.26488866536659e-05
0.00014858795417706	0.000158331237538984	0.000284914030600362	0.000166061969905811	0.000257227836144456	0.000369116516468348	0.000244269157841786	0.000117537323255605	0.00017337991979497	0.000142554806055098	9.26344241413972e-05	8.15664882494376e-05	6.46576902879644e-05	7.61913514527694e-05	6.28608621766202e-05	0.000128298586934109	4.57025588235129e-05	0.000145216033544729	0.000103763278448797	8.04427009595244e-05	1.23670154347478e-05
0.000168937822993045	0.000181154809670216	0.000275131373342918	0.000179266841250369	0.000250848326069408	0.000371065714964331	0.000263995137042192	0.000116841591343891	0.000163154133281098	0.000140935461478402	8.87147089699414e-05	7.63629884737041e-05	6.24503193001703e-05	7.35902881170943e-05	6.07083449272138e-05	0.000123584851280848	4.30274317242298e-05	0.000137612232648194	9.73785238670479e-05	7.53108077600549e-05	1.20663173404272e-05
0.000178448185700305	0.000213734007720836	0.000277416955431874	0.000219654925281822	0.000254312508978499	0.000374943081308523	0.000284238182401384	0.00012644303367805	0.000167081106268168	0.00014153037755187	8.51485294255206e-05	7.63385960125118e-05	6.04446007763262e-05	7.12273379221205e-05	5.87522945809838e-05	0.000121459940795953	4.20777142872435e-05	0.000143228414377649	9.69680680092288e-05	7.52866175303968e-05	1.17974381180752e-05
0.000192516727834279	0.000231546994575607	0.000273089742192349	0.000229293986726397	0.000248643698416009	0.000379210467952066	0.000309759190421464	0.000126577899138964	0.000162210361468568	0.000142114014745665	8.15670589903896e-05	7.37362237122969e-05	5.83828346304704e-05	6.87987694485952e-05	5.67421956332078e-05	0.000116907665030098	4.03285258978106e-05	0.0001406991592238	9.3599277766259e-05	7.27199293045818e-05	1.15105983709388e-05
0.000196611556361706	0.000239536501371557	0.000274845126618287	0.000233890328542468	0.000248527873355955	0.000377057455290888	0.000308852983449145	0.000129955361049488	0.000165697010743112	0.000145033158896536	8.47296506308097e-05	7.58131040032438e-05	6.02316701080339e-05	7.08079970683764e-05	5.85521242680755e-05	0.00012022325840844	4.23265032057834e-05	0.000144852266004113	9.65588264604878e-05	7.47819017120904e-05	1.2087654435624e-05
0.000200707254864289	0.000248020447131801	0.000290920256608539	0.000241962731632113	0.000262164552057796	0.000400867832625214	0.000332130057449819	0.000136670639768693	0.000174549132089369	0.00013987785080943	8.34224120784902e-05	7.9828568090262e-05	6.39876177495902e-05	7.47457331538967e-05	6.21626377991678e-05	0.00012227772019046	4.05073692859912e-05	0.000147339272994703	0.000101902812605846	7.87804316148921e-05	1.09832881958289e-05
0.000192167110189392	0.000236446724434607	0.000278728912034869	0.000235994023506963	0.00025433146075888	0.000384948165851745	0.000322561927232489	0.000132871688288654	0.000169283256204048	0.000130276476585407	7.93593064522572e-05	7.70621093228164e-05	6.17679625876925e-05	7.21546246610862e-05	6.00008932846279e-05	0.000117464509630324	3.88464559343058e-05	0.000141652654030259	9.83454691850996e-05	7.60500407266742e-05	1.07085027396736e-05
0.000134579799847371	0.000136406985390837	0.000224689523451862	0.000142147025609882	0.000223516807103884	0.000326950088151759	0.000240127650967953	0.000107179735156755	0.000141165856000285	0.000108323243098664	7.62741126227794e-05	7.45894392433433e-05	5.9783342612862e-05	6.98384274080394e-05	5.80677343145822e-05	0.000102382280160978	3.73516181976798e-05	0.000113974564208155	8.64554589168606e-05	7.36095479650569e-05	1.04699003643372e-05
7.14761400604423e-05	4.71112115302851e-05	0.00013409424781682	3.58856316398204e-05	0.000156550996787675	0.000256400188805721	0.000153652449835667	6.43469389051668e-05	9.02567125796073e-05	6.92095978038778e-05	6.07523963572979e-05	5.42745202672557e-05	4.70722437236942e-05	5.29050020155851e-05	4.9212596414935e-05	7.38201191828681e-05	2.94468959224197e-05	6.94191975094003e-05	6.55145390431583e-05	5.35612936071873e-05	9.58427230024763e-06
5.56452005358373e-05	5.01212734937376e-05	0.000120807990655436	5.1682116152459e-05	0.000140643093558641	0.000227338061926859	0.000160996231926926	4.92692953463729e-05	6.42127621556979e-05	5.21747275774602e-05	4.64179774736237e-05	3.20472846414891e-05	4.37332774475129e-05	3.63312121847666e-05	4.24394663958372e-05	6.38291128845195e-05	2.14628499927361e-05	5.98097958758154e-05	4.47403163544474e-05	3.61021955258564e-05	9.0455904054744e-06
3.68947375845175e-05	3.45456312573149e-05	7.33207734489413e-05	3.55684226385313e-05	8.3513846803321e-05	0.000147430329465788	0.000100022433852214	3.55534329884124e-05	4.62946878700606e-05	3.11227290421144e-05	3.12961017377546e-05	2.40412504710611e-05	2.42055658580088e-05	2.24080637829e-05	2.68638076601174e-05	4.1139324153742e-05	1.57402336871188e-05	3.64047506075544e-05	3.42754861427322e-05	2.36719128501356e-05	7.66333456312271e-06
5.36920603801536e-05	2.67238825026756e-05	0.00010878606227551	2.12885691791992e-05	0.000144073404996958	0.000224962890082233	0.000133084717846821	5.27124116011874e-05	7.27729145101706e-05	5.52160633824475e-05	5.21402654144559e-05	4.93592875411801e-05	4.39904233221628e-05	4.60056079811229e-05	4.25611524370982e-05	5.74623981655212e-05	2.6045193012274e-05	5.81598237117746e-05	5.45092324037113e-05	4.86008905803894e-05	8.70594363411561e-06
8.92758758971654e-05	7.81906690411926e-05	0.000153244476625781	8.75428805649329e-05	0.000176265525811055	0.000257236712444789	0.000173467935769584	8.06217924376307e-05	0.000103356929081673	7.55971549552262e-05	6.23029133953218e-05	6.04436608163861e-05	5.09115230276963e-05	5.83155191091315e-05	4.9215580160933e-05	8.03215039988052e-05	3.0084871560781e-05	8.16441711790392e-05	7.19233991884977e-05	5.9514798647829e-05	9.40346083164025e-06
0.000140572186449181	0.000167379828959194	0.000220390073317514	0.000187980581945086	0.000199029735266406	0.000283022844477555	0.000222806160453751	0.000107923634262046	0.000142733559876494	9.24047997392757e-05	6.1383280616605e-05	6.27629813871872e-05	4.92822605836996e-05	5.8430872937206e-05	4.76354574112505e-05	9.55198113033036e-05	3.02570273822275e-05	0.000110023821442205	8.08479825688247e-05	6.17982610230773e-05	9.17485773978552e-06
0.000167861597261738	0.000201812048554338	0.000228850095362412	0.000211240949017166	0.000202623831196321	0.000305443274508651	0.000270795674976085	0.000114540845448456	0.000146010364546202	0.000101480022085273	6.04580768289943e-05	6.27473542137974e-05	4.92666377971361e-05	5.84150680355507e-05	4.76024369134317e-05	9.40653005233468e-05	2.97442665142263e-05	0.000116563884581677	8.05065708519061e-05	6.17826161948646e-05	8.97044590631328e-06
0.000161060577433773	0.000197537552299695	0.000219859484049129	0.00021318735599707	0.000196319502981289	0.00028904504711571	0.000261316230415003	0.000112748093912543	0.00014164997466869	9.8156673115888e-05	5.80467462486559e-05	6.06125772345477e-05	4.7586818901215e-05	5.64263013684613e-05	4.59754649387426e-05	9.0555895886529e-05	2.85705257862959e-05	0.000112177909631352	7.7726445946908e-05	5.96803731357139e-05	8.75237466452544e-06
0.000166498706550735	0.000198518366969994	0.000211313411724866	0.00020825749184027	0.00018895455245866	0.000285327188694787	0.000256667591025443	0.000109532925216848	0.000137503545072587	9.37877858156971e-05	5.57595541352706e-05	5.85798434585596e-05	4.59869337107747e-05	5.45324602607295e-05	4.44259279624552e-05	8.72192866276584e-05	2.74572173524712e-05	0.000108009788708433	7.50826328637594e-05	5.76785853612224e-05	8.54518659224585e-06
0.000171115176895476	0.000205090259338682	0.000214331892086466	0.000213336067055903	0.000190054800507974	0.000284672158382907	0.000254774944877927	0.000113131253115642	0.00014105717796132	9.93453324657568e-05	6.11058100149288e-05	6.16482734297136e-05	4.92593021813407e-05	5.76679055817014e-05	4.77033045362237e-05	9.23856852222644e-05	3.20644518630281e-05	0.000113628434686582	7.90162868332785e-05	6.07628423631154e-05	9.99885756846355e-06
0.000182669200111451	0.000220985897575039	0.000241708452734214	0.000223032498872445	0.000209030409568784	0.000317225723598123	0.000287358570067235	0.000123205823704025	0.000155558379877694	0.000104929976757545	6.52551809325262e-05	6.78950998185022e-05	5.53763023833147e-05	6.37116707693375e-05	5.3668049250424e-05	0.000101284371336797	2.98329094686854e-05	0.000124209525050175	8.71064997661727e-05	6.69555153086336e-05	8.12858640483158e-06
0.000159091905483171	0.000191777742099791	0.000232073715845285	0.000204015200860233	0.000201534506189146	0.000294796359214071	0.000269071388291008	0.000117237759942988	0.000151333935799673	9.14869460886461e-05	6.06741448065164e-05	6.57050927580685e-05	5.35918664512974e-05	6.16467239597219e-05	5.19363738828054e-05	9.67638017313774e-05	2.85564349026349e-05	0.000118680009500984	8.43465616117833e-05	6.47936390100091e-05	7.94749596481229e-06
0.000108880927249394	0.000114652000631644	0.000186045601001612	0.000127139581905219	0.000174177275235653	0.000248061744042862	0.000189584231071662	9.66569492029193e-05	0.000132310285680562	6.86950654352701e-05	5.69090706682833e-05	6.15172181835237e-05	5.01707395819006e-05	5.77156522027195e-05	5.0157882054372e-05	8.59130724671067e-05	2.68514709802474e-05	8.97466908883682e-05	7.92002806632773e-05	6.06634618351978e-05	7.75430293005132e-06
3.82687329276789e-05	6.89693748110557e-06	6.91940623929733e-05	6.86959318150673e-06	0.00010601913906876	0.000168209233162118	0.000116175471407683	3.91678639438933e-05	4.51024611377396e-05	2.92411385532729e-05	3.61584533201604e-05	3.39522524755324e-05	4.05366474870808e-05	3.18532082060904e-05	4.08734764030083e-05	5.1564963146826e-05	1.7605719590429e-05	3.6876992047916e-05	4.21447712211419e-05	3.34808582815578e-05	7.33981244257134e-06
4.15345202567053e-05	3.4997580596096e-05	7.41728663336976e-05	3.97598099558439e-05	8.59145279496943e-05	0.000123942501034289	9.16620638181176e-05	4.19346085292183e-05	5.49576236540384e-05	2.91580033849765e-05	2.90300552709857e-05	2.84982947294313e-05	2.75882454904862e-05	2.85016272253199e-05	2.67214123923563e-05	3.76812520733915e-05	1.3188304278609e-05	3.78206138217945e-05	3.79801051288307e-05	2.81024895594686e-05	5.10523802327181e-06
5.30416291697045e-05	3.52875441488007e-05	0.000102044195121634	3.95921740175286e-05	0.000129052858926778	0.000187420886074795	0.000129292550348082	5.74853808386324e-05	6.58125871163031e-05	4.61068132077551e-05	4.79506921757011e-05	4.83561371312689e-05	4.4832013898516e-05	4.87444709143386e-05	4.33945428792315e-05	5.12759088075972e-05	2.16104987653916e-05	5.4153206948758e-05	5.40645787366177e-05	4.94906372822588e-05	7.05346335187553e-06
8.04617061161073e-05	1.24533204724383e-05	9.86872482127586e-05	6.8097839481689e-06	0.000131418546924163	0.000196169404603037	0.000117002029435701	6.82969983716861e-05	9.9073368205837e-05	4.88174680949122e-05	5.17280404467298e-05	5.78028750074028e-05	4.63354054920039e-05	5.40422338777769e-05	4.48350026194909e-05	7.06036658785672e-05	2.44835628251949e-05	4.48312231158812e-05	7.44475332022979e-05	5.6935360745558e-05	7.1215566067127e-06
0.000136514694721513	0.000172456898699911	0.00020170712122954	0.000195308689280663	0.000169191334633779	0.000237835475104122	0.000227834581076346	0.000103618885030622	0.000136012908445809	7.58617231432045e-05	4.97309720132035e-05	5.58353128427648e-05	4.47528832268505e-05	5.22006961819778e-05	4.33004498212556e-05	8.2138823041772e-05	2.35587645817205e-05	0.000103925353149371	7.18804777930419e-05	5.49969224033156e-05	6.94844804100321e-06
0.000159708588652584	0.000190458714008129	0.000194160823130719	0.000203964750963839	0.000165460513391351	0.000252325081783161	0.000247215867206222	0.00010627325609322	0.000132259268818798	7.82536476026075e-05	4.79150591781691e-05	5.40474203330948e-05	4.33144373322514e-05	5.05271553896958e-05	4.19055202976135e-05	7.9252393475941e-05	2.27180610849318e-05	0.000100243273417575	6.95501603830885e-05	5.32354561536346e-05	6.79365881634846e-06
0.000155299578542606	0.000186044230255791	0.000186497649523193	0.000199128254766533	0.000159074373001872	0.00024254187425584	0.000238111732042585	0.000103199948983694	0.000128348256677979	7.48611974682139e-05	4.60741882500403e-05	5.22088274738594e-05	4.18354556863499e-05	4.88062501729234e-05	4.04715914403732e-05	7.63127454625824e-05	2.18639386642369e-05	9.64967396585482e-05	6.71594406105223e-05	5.1424054239367e-05	6.62852330447078e-06
0.000153795973963578	0.000184660282397057	0.000183571739774397	0.000196476500922411	0.00015521927877932	0.000235711460387838	0.000233189161117927	0.000102427650273923	0.0001279766400059	7.3771317686517e-05	4.63826710387508e-05	5.27554980247876e-05	4.19588409148867e-05	4.92358852533467e-05	4.05683597622001e-05	7.6253808860288e-05	2.27109686278755e-05	9.59777552535876e-05	6.75720521106839e-05	5.19486254144013e-05	6.99523748637429e-06
0.00016878485098528	0.000201549626865035	0.000213608331796655	0.000212391844529744	0.000165601247239411	0.000249726723743183	0.000254777032202579	0.000115052169227709	0.000143525823594973	8.29476452876599e-05	5.72182877792168e-05	6.39241499552069e-05	5.14365236808581e-05	5.9883670788011e-05	4.97924884699467e-05	8.79666455528279e-05	2.95368775688544e-05	0.000109048838766347	8.04008824069361e-05	6.30048347148545e-05	8.27664521337836e-06
0.000181388280811916	0.000218681858971223	0.000241004838531894	0.000224772055440698	0.000192315654686456	0.000292898026925676	0.000294796597977635	0.00012649665838038	0.000158341355532307	8.90296806088047e-05	6.28883252626953e-05	7.04042970923e-05	5.71430390662728e-05	6.60510024406166e-05	5.53816192688737e-05	9.8147857441579e-05	2.7611399139667e-05	0.000120969018882483	8.943612783042e-05	6.93989238536866e-05	6.13226492545741e-06
0.000171589226596115	0.000205924042752057	0.000232424797145784	0.000220742280608845	0.000191508485571888	0.000290766570672688	0.000297786657793968	0.000123907808815895	0.000154624771270235	8.19107245614974e-05	5.93324446088242e-05	6.86594901944442e-05	5.5639272745485e-05	6.44125663496723e-05	5.39107936630407e-05	9.46164986705657e-05	2.65531547932169e-05	0.000116578235301569	8.72500979510579e-05	6.76794511944239e-05	6.07533538761569e-06
0.000107448936094665	0.000125109719113192	0.000195027470042504	0.000137999537977391	0.000161018665377666	0.000231424523613063	0.000215163001573502	9.69908063595209e-05	0.00012516950031583	5.93774368281424e-05	5.66748925256867e-05	6.61941971662637e-05	5.31038858146694e-05	6.21544384619038e-05	5.13614240071212e-05	7.95962331633833e-05	2.52682040140894e-05	9.25728263996582e-05	7.80725458544218e-05	6.52663269117891e-05	5.67170815173816e-06
8.94434601793782e-05	8.74730911783041e-05	0.000172962070251274	8.44129853450007e-05	0.000141916504025649	0.000204313255107122	0.000179871459137139	8.18208360450334e-05	0.000111008779515681	4.55291220089337e-05	5.02666331129775e-05	5.75407294649284e-05	5.31375022150238e-05	5.40270485593509e-05	5.13895980170932e-05	7.26285032488686e-05	2.24593884598573e-05	7.61979672198635e-05	7.34088065889073e-05	5.67337336927254e-05	5.72219778042597e-06
2.48175201289104e-05	1.53199236942705e-05	5.97222460558896e-05	1.35474008487147e-05	5.75214346293399e-05	0.000105483050757692	0.000100509672852781	2.70210520638519e-05	3.51080139807533e-05	1.37530277133921e-05	2.15239726957924e-05	1.8907987734388e-05	2.51067006859316e-05	2.16745163119272e-05	2.91412004173216e-05	3.19502394489362e-05	9.02977764447861e-06	2.61332623027348e-05	2.78261691144724e-05	1.86427094738279e-05	4.20025108809863e-06
8.73334862113993e-05	9.86622183103817e-05	0.000178604574748516	0.000114332772344623	0.000145750878891803	0.000191539726269475	0.000168582919250987	8.81212419773548e-05	0.00011612772718448	4.75282709450646e-05	5.17928403538538e-05	5.96864488968192e-05	4.89908891632308e-05	5.78071500520086e-05	4.72013348619089e-05	6.90165656740258e-05	2.25401844840005e-05	8.62330546650994e-05	7.29181599266107e-05	6.08432336779477e-05	5.14195838893674e-06
0.000100448633255128	6.38454401931775e-05	0.000137131249600463	6.88568790050815e-05	0.000133440841843936	0.000198711491932117	0.000169311186740979	8.48484732591343e-05	0.000104272436319492	4.59326426515071e-05	5.33494020035614e-05	6.38492063043842e-05	5.06262882419961e-05	5.97417529241755e-05	4.87740579561569e-05	6.98833387864994e-05	2.39289990955569e-05	6.33877878345329e-05	8.01592023513813e-05	6.2881548272487e-05	5.36674346369172e-06
0.00011970002455798	0.000116004397723129	0.000186000405256348	0.000131783655515028	0.000145137337222136	0.000207193830440496	0.000200014603885	9.63949450165009e-05	0.000133618814553551	5.29429196123106e-05	5.13536350302754e-05	6.16685460042028e-05	4.88906176378334e-05	5.76987748104026e-05	4.70989451801254e-05	8.23650450475218e-05	2.306673067915e-05	8.57779641053684e-05	7.74113419287712e-05	6.07334132159854e-05	5.23630088069009e-06
0.000131682021302644	0.000139281563244325	0.000182943902859465	0.000160856080066943	0.000145987204950378	0.000215714658364442	0.00022517244813344	0.000100749753881457	0.000129945027587799	5.86167455299486e-05	4.95391803958718e-05	5.96870464718072e-05	4.731292433344e-05	5.58421793719402e-05	4.55762089013955e-05	7.42603648935529e-05	2.22830457563588e-05	8.47217221004199e-05	7.49173907290749e-05	5.87814209604492e-05	5.11966277888917e-06
0.000157946464417546	0.000183126437879536	0.000193066897698423	0.000203644759094893	0.000151055780908291	0.00022978418055742	0.000256397752492706	0.000108381503797836	0.000134838427632747	6.59280008114987e-05	4.79541522264113e-05	5.80947410503409e-05	4.57928007187225e-05	5.42160801533474e-05	4.40923281365787e-05	7.76322202016112e-05	2.16604837623627e-05	9.72350909123007e-05	7.30074099831413e-05	5.71854207298708e-05	5.0061743922719e-06
0.00015856349447562	0.000185619578580602	0.000193774991713189	0.000202670233511647	0.000150072334391876	0.000226966905094623	0.000253871761763011	0.000109598249613752	0.000136378084714299	6.83706241553974e-05	5.02210530365667e-05	5.89650216593837e-05	4.6290434992129e-05	5.48673482177816e-05	4.45927654639863e-05	8.00373450082211e-05	2.37418135831798e-05	9.98644303462864e-05	7.44606655178033e-05	5.80131869356473e-05	5.6746530347106e-06
0.000265551166225557	0.000338160448449484	0.00027247992351186	0.000291295817570152	0.00027195485945063	0.000376527319656509	0.000313399062834366	0.000185692147748569	0.000205492941849649	0.000269959841605533	0.000180546919092879	0.000100616243392368	8.63552205598874e-05	9.61878811615498e-05	8.5381643769027e-05	0.000209030099468916	0.000135838625380047	0.000243433867506601	0.000136996810004105	9.96414888039984e-05	4.59453155605699e-05
0.000300496745903406	0.000381652563236985	0.000296886229824824	0.000306658535332927	0.000353165359827955	0.000510320627168349	0.000348348999905571	0.000205215616620223	0.000229813892259017	0.000407431270244855	0.000215553313489645	0.000109584475574446	9.45244615951072e-05	0.000105036763504002	9.34493386988466e-05	0.000247748518940733	0.000143781053919248	0.000284781942099851	0.000149061047333656	0.000108586866098061	4.42883533273196e-05
0.000277451329391263	0.00033757813306006	0.000283838388714453	0.00027194357142881	0.000369745848012475	0.000530270477624568	0.000331200811606223	0.000196568414864006	0.000222634205227912	0.000375450941231785	0.000205016625010708	0.000107347553073055	9.16233547218394e-05	0.000102584794933786	9.04782099517326e-05	0.000237169441682619	0.00013641261998468	0.000272638696121226	0.000145729353770189	0.000106306249724639	4.32897736574806e-05
0.000183412029010805	0.000164963195119846	0.0002214213466104	0.000111125319651914	0.000320949715826297	0.000443613745837834	0.000210279741138382	0.000149564372582931	0.000178954585889952	0.000320021405171843	0.00019329656750904	0.000100833285235336	8.57583928605053e-05	9.62624934259582e-05	8.47012749250353e-05	0.000207825737387589	0.000125397580536861	0.000220440293916824	0.000124900750682677	9.98349407948193e-05	4.22319730372775e-05
0.000117263152395547	9.88431115728153e-05	0.000151107715856853	8.55111104209905e-05	0.000235669846297502	0.000352393520409903	0.000174904873756403	0.000107892573481847	0.000111391080655787	0.000226524125818731	0.00016240092073943	6.86413814240923e-05	6.65989392240277e-05	6.86093594784979e-05	6.60618727905478e-05	0.000163431332821567	0.000105180122304765	0.000159778050867207	9.088029654493e-05	6.79612026220838e-05	3.99737962029322e-05
5.01968118165105e-05	1.35545320889037e-05	8.2349891257144e-05	2.18142263065861e-08	0.00015813541029523	0.000231076285479765	9.80739270127439e-05	5.41424245534997e-05	6.0825507469338e-05	0.000113232787132905	9.93580387647643e-05	3.82081283775088e-05	5.07817729900432e-05	3.63708190625679e-05	5.01593217588158e-05	9.64077512271177e-05	6.88084140046536e-05	9.75777905126822e-05	4.9564709387021e-05	3.78165968574199e-05	3.16078546987418e-05
0.000100356745236401	6.06063703659004e-05	0.000137305646559859	5.50397127591062e-05	0.000258349304560284	0.000367738538119206	0.00016388021644975	0.000102261366417568	9.92246255225129e-05	0.000242664206208335	0.000156353170612361	7.50530333150911e-05	7.80776896414666e-05	7.72925170669991e-05	7.69331001318933e-05	0.000154023998422138	0.000103307816901369	0.000160363611906362	9.05249518635769e-05	7.73319500266414e-05	3.70723626449216e-05
0.000191173426826284	0.000145190421404132	0.000192182491903624	0.00011304475679444	0.000296300300597736	0.000427246616294234	0.000217274429869706	0.000154155034078429	0.000168502233847234	0.000291525300784392	0.000168663172765114	9.72639890184591e-05	8.06609603649382e-05	9.23528433183782e-05	7.94639756029414e-05	0.000192480516800757	0.00011130067396966	0.000192921120576702	0.000130458046309325	9.61528883031334e-05	3.86923437492047e-05
0.0001925741090197	0.000234793194810055	0.000238633447508278	0.000206917253752375	0.00030360935243183	0.000407714198387275	0.000237673752079137	0.000158391641476308	0.000191384522309897	0.000273722677559789	0.000156658557320716	8.81450203917477e-05	7.78739003263044e-05	8.36904703791929e-05	7.67038533661861e-05	0.00019368481514025	0.000104158957627285	0.000215948046497276	0.000119721839663879	8.71373187136759e-05	3.77512680816093e-05
0.000260087471937645	0.000330242282437531	0.00024733296532683	0.000282571153385026	0.000315819469131102	0.000456474849164044	0.000315980630250038	0.000181066181613006	0.000202244477343654	0.000292131511417271	0.00015382265282844	9.10806833211621e-05	7.53413417743291e-05	8.64735593382587e-05	7.41954450227027e-05	0.000193920723411392	0.000101178709616208	0.000225933462339976	0.000122894736357891	9.00385658262563e-05	3.69097886889019e-05
0.000255514713355027	0.000324069218473863	0.000242133446203045	0.000278876534173086	0.000307085345706703	0.000440389221528692	0.000308345817376283	0.0001779167621424	0.000199023073161753	0.000279633044460725	0.000147926171748197	8.95049239760724e-05	7.39827457620373e-05	8.49384440372384e-05	7.28237622929785e-05	0.000188089145076709	9.70338888025179e-05	0.000219224024727458	0.000120359801517305	8.84736479906372e-05	3.61086992017409e-05
0.000281721472027107	0.000363718615767082	0.000283302598884539	0.000301088470227363	0.00032849251646097	0.000476588183856407	0.000346281163928156	0.000193909788647476	0.000223285403010403	0.000290722355470255	0.000154192126577275	0.000100337845466431	8.11128316433779e-05	9.42995729020202e-05	7.95592048743149e-05	0.000201333300791835	9.93236496652282e-05	0.000235606497602902	0.000133847540617783	9.8988147328078e-05	3.63090385020376e-05
0.000353253253142394	0.000464283437337316	0.000340309006659481	0.000363301082542552	0.000410923852832468	0.00058445406746052	0.000404701547742489	0.000244956703746545	0.00027486899549056	0.000404290764636772	0.00022461719945897	0.00013089039400611	0.000108321314467788	0.000123828934967064	0.00010695367211581	0.00027788561316641	0.000163775121402936	0.000321639915124118	0.000177695022707054	0.000129331118174003	6.03130151347275e-05
0.000414209802651147	0.0005466582874551	0.000380718929583358	0.0004071529966819	0.00048469541921016	0.000692311028937655	0.000436425650071767	0.000282080921315823	0.000319529730551039	0.000560284011749287	0.00028669775449833	0.000152704393191813	0.00013015252160778	0.000145681224674653	0.000128744925391578	0.000343383529864377	0.000193492577695762	0.000394465538357756	0.000205254306997804	0.00015115798139436	6.2701107670298e-05
0.000377841091879014	0.000492218803021423	0.000373090285506086	0.000373070273033261	0.00049339340496331	0.000706485299776503	0.000410090410859634	0.000271191006252682	0.0003154000283527	0.000562674544404889	0.000270810791714607	0.000149615656683855	0.00012721047632424	0.000142639094217292	0.000125692983041345	0.000331456947161591	0.000175566549462921	0.000379711437732989	0.000199678941721751	0.000148081562388268	5.79082796908246e-05
0.000244486253195169	0.000160587172320805	0.000257200519283657	8.58933207430593e-05	0.000427567272241064	0.000600341408772116	0.000229432183429993	0.000205162552678892	0.000238475315103793	0.000479853073975327	0.000258622462528016	0.000144947989350073	0.00012312847700436	0.0001381523792576	0.000121619332673793	0.000285162473966398	0.000167236384370716	0.000289018413269612	0.000187415880372333	0.000143454354035139	5.64524680317063e-05
7.76145805729818e-05	7.4917929259643e-05	0.000144809141557923	6.31637658848164e-05	0.000259318002067593	0.000432980577283182	0.000199659381519373	7.58569556255458e-05	7.51344024264982e-05	0.000204484101829547	0.000188774364508266	5.03206554881407e-05	9.63636454707418e-05	5.66148331187083e-05	9.56196644945441e-05	0.000202657649720258	0.000130045156576907	0.000163721724965644	6.04860989976409e-05	4.98018146593008e-05	5.51937741414643e-05
9.31500549713881e-05	7.76468456607881e-05	0.0001400015635839	4.87804828343901e-05	0.000218375076629871	0.000333934737534087	0.000151118103213438	8.52189922377921e-05	0.000104573538984782	0.000191245495543228	0.000149870839845021	5.68751503070483e-05	6.2017184045567e-05	5.40815652359592e-05	6.52875497782692e-05	0.000153142539809185	0.00010430558083241	0.000141468077859435	7.54587006327171e-05	5.62884687245047e-05	4.38553439592625e-05
0.000212442217321361	0.000178048880880722	0.00023381944179135	0.000121310873752329	0.000391656253258753	0.000560684823503806	0.000254569813869406	0.000172149211853006	0.000184935038091393	0.000427480117842902	0.000224788511582302	0.000119866235145002	0.000113702558789149	0.000121977896622099	0.000112090110103029	0.000240470300934996	0.000142693805207052	0.000271331393396677	0.000145530865834648	0.000122795993468664	5.28201779870824e-05
0.000226709933787115	3.49170493617057e-05	0.000175295683985624	1.25306288078654e-05	0.000372465561244908	0.00053621497921759	0.000179393341241996	0.000185804638769127	0.000213929402186975	0.000412110061576028	0.000220766213899832	0.00013282310381405	0.000109979319490256	0.000126001733799103	0.000108400312391208	0.000254635565190227	0.00014138687276267	0.000220845639116137	0.000177319718979967	0.000131300752064052	5.16427398749821e-05
0.000318076277060241	0.000387548108728615	0.000310436800618874	0.000299308417397518	0.000426461502429971	0.000593778074169297	0.000328931998964663	0.000233980057854258	0.000280832095390343	0.000433497598999244	0.000210632649729702	0.000128227003611042	0.00010616244025692	0.000121636548853669	0.000104619561670363	0.000274182784066311	0.000134697935285701	0.000310720972348146	0.00017090692943795	0.000126756328931615	5.03867689422312e-05
0.000358906105306397	0.000469598025857635	0.000318024346672395	0.000375724613758765	0.000428077315768739	0.00061649257124377	0.000391491126098695	0.000246267229929559	0.00027773026551978	0.000427898038905727	0.000201403801925535	0.000124054322767502	0.00010269549978199	0.00011767289753401	0.000101184931813774	0.000264133012097072	0.000128609926268625	0.000309789913078169	0.000165090248416039	0.000122630426709379	4.92637453292233e-05
0.000337728122049981	0.000450461371991748	0.000297013365219217	0.000355422929213389	0.000402012840596321	0.000578455034187624	0.000366663910402747	0.000232161407454849	0.00026127336295173	0.000394976352861148	0.000186328503276011	0.000116096616609616	9.60953738362438e-05	0.000110119121276299	9.46652447143293e-05	0.000245971099665058	0.000118820399580887	0.000288382476478521	0.000154274033899964	0.000114762968106925	4.6581665388051e-05
